title,original_lang,popularity,vote_count,vote_average
John Wick,en,818.916,12063,7.2
Ad Astra,en,427.078,2778,6
Bad Boys for Life,en,372.268,2062,6.9
The Lion King,en,366.904,5043,7.1
Jurassic World: Fallen Kingdom,en,355.501,7153,6.5
Bloodshot,en,336.364,1153,7.3
Motherless Brooklyn,en,274.351,410,6.9
Transformers: The Last Knight,en,239.659,3720,6
Birds of Prey (and the Fantabulous Emancipation of One Harley Quinn),en,228.535,2419,7.1
Barbie and the Diamond Castle,en,222.339,456,7.1
The Platform,es,222.136,1581,7.2
Underwater,en,194.985,434,6.4
Star Wars: The Rise of Skywalker,en,191.652,3704,6.5
Sonic the Hedgehog,en,189.881,1860,7.4
Hotel Transylvania 2,en,182.633,3620,6.7
Jumanji: The Next Level,en,167.871,2811,6.8
The Invisible Man,en,162.811,1080,7.1
Atlantis: The Lost Empire,en,148.821,2966,6.9
Geostorm,en,141.067,2670,5.8
Onward,en,140.272,746,8
Die Hard: With a Vengeance,en,138.923,3722,7.1
Daughter of Darkness 2,en,137.227,4,4.8
The Hunt,en,136.282,266,6.7
The Call of the Wild,en,136.258,328,6.7
13 Hours: The Secret Soldiers of Benghazi,en,131.957,1867,7.1
Parasite,ko,130.301,5883,8.5
Cinderella II: Dreams Come True,en,118.121,853,5.9
Joker,en,117.351,10698,8.2
Gladiator,en,114.535,11270,8.1
F#*@BOIS,tl,114.25,6,7.9
Knives Out,en,112.795,3204,7.8
Behind Enemy Lines III: Colombia,en,110.603,68,4.9
The Gentlemen,en,110.16,641,7.9
1917,en,109.728,3884,7.9
Asterix: The Secret of the Magic Potion,fr,104.43,662,6.9
Dolittle,en,102.648,1000,6.8
Contagion,en,101.76,3070,6.5
Female Urologists 2,ko,101.71,1,1
The Goonies,en,100.225,3364,7.5
Cars,en,99.351,8962,6.8
One Flew Over the Cuckoo's Nest,en,98.291,6413,8.4
Licence to Kill,en,97.497,1039,6.2
A Rainy Day in New York,en,97.485,760,6.6
Miracle in Cell No. 7,tr,96.186,1176,8.5
Little Women,en,94.013,1611,8
Frozen II,en,93.549,3474,7.1
Harry Potter and the Philosopher's Stone,en,92.385,16137,7.9
365 Days,es,90.714,92,5.6
Percy Jackson: Sea of Monsters,en,89.963,3524,5.9
Ant-Man,en,84.987,13561,7.1
John Wick: Chapter 3 - Parabellum,en,84.149,4251,7.2
Once Upon a Time¡­ in Hollywood,en,83.312,5367,7.5
Spies in Disguise,en,79.49,596,7.5
Star Wars,en,79.103,13176,8.2
Escape from Pretoria,en,78.963,62,6.6
Aladdin,en,75.356,5274,7
The Lord of the Rings: The Fellowship of the Ring,en,74.031,16375,8.3
Avengers: Infinity War,en,72.853,17321,8.3
Recep ?vedik 6,tr,71.596,21,4.4
Ant-Man and the Wasp,en,71.027,7951,7
Maleficent: Mistress of Evil,en,70.879,2303,7.3
Terminator: Dark Fate,en,70.837,1898,6.4
The Decline,fr,69.042,59,7
Vivarium,en,68.947,69,5.6
6 Below: Miracle on the Mountain,en,68.531,205,5.7
Spider-Man: Far from Home,en,68.432,6567,7.5
Ford v Ferrari,en,67.389,2157,7.8
Mission: Impossible - Fallout,en,67.389,4790,7.3
Midway,en,66.617,579,6.9
The Way Back,en,66.499,76,6.5
Spenser Confidential,en,66.031,667,6.7
Ultras,it,65.61,182,6.4
Dante's Inferno: An Animated Epic,en,64.355,132,6.1
The Bourne Ultimatum,en,63.025,4990,7.4
Olympus Has Fallen,en,62.371,4607,6.3
John Wick: Chapter 2,en,62.234,7314,7.1
The Twilight Saga: Eclipse,en,62.177,5654,6.1
The Occupant,es,61.168,185,6.4
The Lord of the Rings: The Return of the King,en,60.456,14940,8.4
Harry Potter and the Chamber of Secrets,en,60.283,13598,7.7
Milea: Suara dari Dilan,id,60.257,14,5.5
Guns Akimbo,en,59.938,304,6.3
Just Mercy,en,59.735,377,8.1
Jojo Rabbit,en,59.517,2760,8.1
"Kamen Rider Zi-O NEXT TIME: Geiz, Majesty",ja,59.34,7,6.9
A Very Harold & Kumar Christmas,en,58.701,568,6
Zootopia,en,57.149,11285,7.7
Fast & Furious Presents: Hobbs & Shaw,en,56.263,2894,6.6
The Shawshank Redemption,en,56.259,15423,8.7
Gemini Man,en,55.917,1697,6
Uncorked,en,55.843,39,6.4
"Alexander and the Terrible, Horrible, No Good, Very Bad Day",en,55.811,919,6.2
Captain Marvel,en,55.448,8695,7
Scooby-Doo! and the Monster of Mexico,en,54.95,102,6.5
Avengers: Endgame,en,54.739,12073,8.3
Rambo: Last Blood,en,54.627,1439,6.1
Pirates of the Caribbean: The Curse of the Black Pearl,en,54.587,13978,7.7
The Irishman,en,54.431,3048,7.7
It Chapter Two,en,54.417,3549,6.8
Red Shoes and the Seven Dwarfs,en,54.02,115,6.5
Gone Girl,en,53.263,12076,7.9
Avengers: Age of Ultron,en,52.977,15312,7.3
Interstellar,en,52.457,21493,8.3
I Still Believe,en,52.069,41,7.4
Deadpool,en,52.01,22173,7.6
Doctor Strange,en,51.675,14444,7.4
Journey to China: The Mystery of Iron Mask,ru,51.563,41,5.1
Pelican Blood,de,51.465,0,0
The Banker,en,51.342,93,7.5
Digimon Adventure: Last Evolution Kizuna,ja,51.197,6,5.4
The Matrix,en,51.121,16423,8.1
Frozen,en,51.056,11403,7.3
Fury,en,51.024,7661,7.4
Star Wars: The Last Jedi,en,50.593,10130,7
Maddy,en,50.526,4,6.3
The Hobbit: The Battle of the Five Armies,en,50.245,9474,7.3
Black Panther,en,49.971,14607,7.4
Battlestar Galactica: Blood & Chrome,en,49.883,114,6.8
The Coma,ru,49.795,12,5.8
Rogue One: A Star Wars Story,en,49.715,10542,7.5
Blade Runner 2049,en,49.409,7909,7.4
Iron Man 2,en,49.373,13983,6.8
Terminator Genisys,en,49.287,5942,5.9
Angel Has Fallen,en,49.133,1362,6.2
Star Wars: The Force Awakens,en,49.084,14037,7.4
Shazam!,en,49.009,4576,7
Men in Black,en,49.006,9164,7.1
Blood Father,en,48.972,936,6.1
Dragon Ball Z: Fusion Reborn,ja,48.628,382,7.3
Sub Rosa,en,48.46,2,9
Howl's Moving Castle,ja,48.27,4679,8.4
Captain America: Civil War,en,48.248,15708,7.4
The Fifth Element,en,48.153,7037,7.5
Spider-Man: Homecoming,en,48.108,13713,7.4
Ready or Not,en,47.505,1244,6.9
Inception,en,47.266,25060,8.3
The Grudge,en,47.218,331,5.6
Nora Roberts¡¯ Montana Sky,en,47.061,26,6.3
Harry Potter and the Half-Blood Prince,en,47.01,12104,7.7
Coco,en,46.864,10685,8.2
xXx,en,46.399,2733,5.9
Harry Potter and the Order of the Phoenix,en,46.236,12391,7.7
Whiplash,en,46.196,9280,8.4
The Avengers,en,46.154,21841,7.7
Last Christmas,en,45.975,673,7.1
Togo,en,45.933,319,8.1
Harry Potter and the Deathly Hallows: Part 2,en,45.902,13186,8.1
Spirited Away,ja,45.656,8947,8.5
The Dark Knight,en,45.388,21489,8.4
Bee Movie,en,45.367,2988,5.9
L¨¦on: The Professional,en,45.339,9012,8.3
The Emperor's New Groove,en,45.286,4001,7.5
Emma.,en,45.278,110,6.8
The Godfather,en,45.162,11715,8.7
Hustlers,en,45.122,1238,6.3
Pulp Fiction,en,45.061,17926,8.5
Toy Story 4,en,43.576,4163,7.6
Jexi,en,43.519,252,7.1
Titanic,en,43.408,16382,7.8
Family Guy Presents Stewie Griffin: The Untold Story,en,43.273,217,7
Up,en,43.12,13900,7.9
Doctor Sleep,en,43.08,1380,7.1
Marriage Story,en,43.074,2993,7.9
The Maze Runner,en,43.01,11751,7.1
Get Out,en,42.664,10468,7.5
The November Man,en,42.634,953,6.1
The Other Lamb,en,42.609,1,2
The Empire Strikes Back,en,42.521,11128,8.4
Stargirl,en,42.51,109,7.6
Django Unchained,en,42.403,17819,8.1
Man of Steel,en,42.353,10722,6.5
Black Widow,en,42.338,0,0
To All the Boys I've Loved Before,en,42.191,5654,7.8
El Camino: A Breaking Bad Movie,en,42.041,2207,6.9
The Current War,en,41.84,357,6.8
A Quiet Place,en,41.731,7560,7.3
Kamen Rider Reiwa: The First Generation,ja,41.669,2,5.5
The Devil Wears Prada,en,41.668,7602,7.3
Avatar,en,41.627,20689,7.4
Wonder Woman,en,41.563,14196,7.3
The Lighthouse,en,41.56,1066,7.7
Bohemian Rhapsody,en,41.357,10382,8
Dark Phoenix,en,41.123,3123,6
Star Wars: Episode III - Revenge of the Sith,en,40.921,8691,7.3
Thor: Ragnarok,en,40.838,13361,7.5
WALL¡¤E,en,40.796,12297,8
Pirates of the Caribbean: Dead Man's Chest,en,40.709,10590,7.2
Justice League,en,40.701,8679,6.2
Green Book,en,40.575,5788,8.3
Schindler's List,en,40.569,9325,8.6
Stuber,en,40.44,510,6.8
Abominable,en,40.095,639,7.2
Iron Man,en,40.068,17774,7.6
The Hidden Face,es,39.985,465,7.1
Lazy Susan,en,39.746,0,0
Charlie's Angels,en,39.742,872,6.5
How to Train Your Dragon: The Hidden World,en,39.717,3268,7.7
Smurfs: The Lost Village,en,39.581,859,6.2
Guardians of the Galaxy Vol. 2,en,39.578,14363,7.6
Child 44,en,39.553,1023,6.2
The Hunger Games: Mockingjay - Part 1,en,39.515,11162,6.8
Godzilla: King of the Monsters,en,39.471,2271,6.2
Ready Player One,en,39.444,8703,7.6
Pirates of the Caribbean: On Stranger Tides,en,39.442,9586,6.4
Alien: Covenant,en,39.38,5553,5.9
Coffee & Kareem,en,39.371,0,0
Lady and the Tramp,en,39.342,332,7.1
Lara Croft: Tomb Raider - The Cradle of Life,en,39.28,2886,5.7
23-F: la pel¨ªcula,es,39.175,20,5.9
Solo: A Star Wars Story,en,39.047,5011,6.6
Fight Club,en,38.973,18601,8.4
Bad Boys,en,38.972,3664,6.7
Jurassic Galaxy,en,38.966,50,4.1
The Shining,en,38.846,10449,8.2
Birdman or (The Unexpected Virtue of Ignorance),en,38.841,8979,7.5
The Truman Show,en,38.674,10900,8.1
Tomorrowland,en,38.633,5070,6.2
Pok¨¦mon Detective Pikachu,en,38.544,3478,6.9
The Uncertain Kingdom,en,38.483,0,0
My Neighbor Totoro,ja,38.417,4160,8.1
X-Men: Days of Future Past,en,38.353,11088,7.5
The Terminator,en,38.339,7969,7.5
Inglourious Basterds,en,38.296,14089,8.2
Harry Potter and the Prisoner of Azkaban,en,38.039,13317,8
Zombieland: Double Tap,en,38.03,1887,7
"Monsters, Inc.",en,37.91,12259,7.8
Aladdin,en,37.903,7576,7.6
Toy Story,en,37.791,11922,7.9
Inside Out,en,37.651,14413,7.9
Spider-Man: Into the Spider-Verse,en,37.543,6691,8.4
300: Rise of an Empire,en,37.502,4335,6.1
Brave,en,37.497,9237,7
Richard Jewell,en,37.494,631,7.5
Blade Runner,en,37.412,8699,7.9
Kill Bill: Vol. 1,en,37.388,11145,8
Star Wars: Episode I - The Phantom Menace,en,37.368,9285,6.4
Your Name.,ja,37.202,5190,8.5
Dracula Untold,en,37.17,4142,6.3
Maleficent,en,37.094,9514,7.1
Wild Card,en,37.031,1080,5.5
The Perfect Date,en,36.867,2044,6.3
GoodFellas,en,36.847,6956,8.4
Harry Potter and the Deathly Hallows: Part 1,en,36.846,12315,7.8
Percy Jackson & the Olympians: The Lightning Thief,en,36.796,4937,6.1
The Lord of the Rings: The Two Towers,en,36.598,14124,8.3
The Princess Diaries,en,36.581,2986,6.8
The Invisible Guest,es,36.578,2202,8.2
Forrest Gump,en,36.52,17282,8.4
Black and Blue,en,36.429,238,6.4
Bad Boys II,en,36.404,3212,6.5
Men in Black II,en,36.338,6640,6.3
Shrek,en,36.229,10126,7.6
The Great Mouse Detective,en,35.898,938,7.1
30 Days of Night: Dark Days,en,35.693,257,4.8
The Imitation Game,en,35.645,11698,8.1
Desire,fr,35.632,215,4.7
Nater Guru,en,35.436,1,6
The Martian,en,35.407,13669,7.7
Rampage,en,35.372,3979,6.3
World War Z,en,35.354,10288,6.7
Shrek 2,en,35.349,7271,7
American Beauty,en,35.254,7633,8
The Matrix Reloaded,en,35.181,6580,6.9
The Matrix Revolutions,en,35.168,5898,6.6
Beauty and the Beast,en,35.093,6594,7.7
Gnomeo & Juliet,en,35.085,1263,5.8
Mad Max: Fury Road,en,35.019,15941,7.5
Braveheart,en,34.948,6287,7.9
Outbreak,en,34.91,1147,6.5
The Mask,en,34.76,6244,6.8
The Hobbit: An Unexpected Journey,en,34.73,13204,7.2
Event Horizon,en,34.703,1429,6.5
Arjona Circo Soledad en Vivo,es,34.624,0,0
Pirates of the Caribbean: At World's End,en,34.597,9429,7.2
Sekaiichi Hatsukoi: Propose-hen,ja,34.55,0,0
Men in Black: International,en,34.545,2271,5.9
Live Free or Die Hard,en,34.516,3704,6.5
Trainspotting,en,34.351,6262,8
Arrival,en,34.306,11827,7.5
"The Chronicles of Narnia: The Lion, the Witch and the Wardrobe",en,34.213,6690,7.1
Ralph Breaks the Internet,en,34.193,3924,7.1
Nightcrawler,en,34.128,6764,7.7
Back to the Future,en,34.117,12608,8.3
Shutter Island,en,33.953,14830,8.1
Cinderella,en,33.897,5110,6.7
The Kissing Booth,en,33.891,4110,7.2
The Wolf of Wall Street,en,33.874,14550,8
Sixteen Candles,en,33.818,1278,6.8
Sinbad and the Eye of the Tiger,en,33.739,81,6.5
The Panti Sisters,tl,33.687,3,2.7
Kiss and Kill,en,33.449,10,4.2
The Equalizer,en,33.328,5664,7.2
Twilight,en,33.198,8485,6.1
Predator,en,33.167,4281,7.4
Isi & Ossi,de,33.091,339,6.9
Big Hero 6,en,33.063,11324,7.8
Aquaman,en,33.051,8234,6.8
I Am Legend,en,32.858,10255,7.1
Teenage Mutant Ninja Turtles,en,32.846,4714,5.8
The Twilight Saga: New Moon,en,32.833,5942,5.8
Kannum Kannum Kollaiyadithaal,ta,32.813,23,6.1
The Equalizer 2,en,32.796,2617,6.5
Alita: Battle Angel,en,32.795,4537,6.9
Uncut Gems,en,32.777,1468,7.2
Venom,en,32.77,8276,6.6
Indiana Jones and the Last Crusade,en,32.733,6185,7.8
Raiders of the Lost Ark,en,32.723,7624,7.9
Toy Story 3,en,32.698,9807,7.8
Se7en,en,32.681,12430,8.3
Hereditary,en,32.624,3576,7.1
Saekano: How to Raise a Boring Girlfriend Fine,ja,32.617,4,4.5
From Russia with Love,en,32.609,1568,7.1
The Last Summer,en,32.54,899,6
Batman Begins,en,32.511,13846,7.7
Us,en,32.507,3606,7
Insurgent,en,32.428,7469,6.3
Logan,en,32.364,13788,7.8
Troy,en,32.28,6320,7
Ice Age,en,32.277,8572,7.3
After the Sunset,en,32.21,396,6.2
"I, Robot",en,32.188,7870,6.9
Death Race: Beyond Anarchy,en,32.123,113,5.8
Dances with Wolves,en,32.105,2369,7.8
Code 8,en,32.063,373,6.2
Harry Potter and the Goblet of Fire,en,31.997,12747,7.8
Thor,en,31.985,14399,6.7
Ne Zha,zh,31.982,38,7.3
Boyka: Undisputed IV,en,31.972,568,6.4
After,en,31.964,2642,6.1
Trolls World Tour,en,31.945,24,7.9
Finding Nemo,en,31.904,13141,7.8
Dragonheart: Vengeance,en,31.903,73,5.9
The Flu,ko,31.897,494,7.5
The Dividing Wall,zh,31.779,0,0
Les Mis¨¦rables,fr,31.769,377,8
Batman v Superman: Dawn of Justice,en,31.723,12987,5.8
Game of Thrones: Conquest & Rebellion,en,31.532,45,7.9
The Shack,en,31.518,954,7.1
Oldboy,ko,31.499,4513,8.2
Ice Age: The Meltdown,en,31.468,6617,6.6
Jurassic World,en,31.368,15264,6.6
Triple Threat,en,31.345,194,5.9
"The Good, the Bad and the Ugly",it,31.286,4785,8.4
Countdown,en,31.184,539,6.4
Fantastic Beasts and Where to Find Them,en,31.153,13569,7.4
The Meg,en,31.136,3658,5.9
Dr. No,en,31.116,1925,7
Fantasy Island,en,31.081,174,5
The Dark Knight Rises,en,31.04,15579,7.7
Tarung Sarung,id,31.035,0,0
Resistance,en,31.033,0,0
Despicable Me 2,en,31.026,8098,6.9
Hidden Figures,en,31.004,5577,8
Terminator 2: Judgment Day,en,30.992,7769,8
Downhill,en,30.991,19,4.5
28 Days Later,en,30.969,3836,7.2
Incredibles 2,en,30.934,7934,7.5
Miss Bala,en,30.928,173,6.2
Jocks,en,30.897,8,4.8
The Secret Life of Pets 2,en,30.759,1235,6.7
Spider-Man,en,30.72,11390,7.1
The Green Mile,en,30.684,9696,8.5
Lupinranger VS Patranger VS Kyuranger,ja,30.645,2,5.5
Deadpool 2,en,30.625,10745,7.5
Cars 3,en,30.611,3075,6.7
Taxi Driver,en,30.588,6459,8.2
Re: Zero kara Hajimeru Isekai Seikatsu - Memory Snow,ja,30.57,43,6.4
Steven Universe: The Movie,en,30.542,142,8.8
Ex Machina,en,30.541,8963,7.6
Ponyo,ja,30.541,2070,7.7
How to Train Your Dragon 2,en,30.47,6407,7.7
Return of the Jedi,en,30.459,9262,8
The Captive,en,30.432,686,5.9
Gattaca,en,30.421,3787,7.5
Saving Private Ryan,en,30.404,9731,8.1
Sorry We Missed You,en,30.332,172,7.6
Once Upon a Time in America,en,30.32,2755,8.4
Cold Blood,fr,30.278,113,5.1
Pirates of the Caribbean: Dead Men Tell No Tales,en,30.153,7849,6.6
21 Bridges,en,30.098,458,6.5
First Man,en,30.033,3184,7.1
The Invasion,en,29.986,807,5.9
Star Wars: Episode II - Attack of the Clones,en,29.943,8415,6.5
Dolemite Is My Name,en,29.739,497,7.2
Ocean's Twelve,en,29.709,4581,6.5
The Jungle Book,en,29.554,5885,6.8
Brahms: The Boy II,en,29.434,134,6.2
Split,en,29.43,11928,7.3
Cats,en,29.382,286,4.3
Guardians of the Galaxy,en,29.371,20073,7.9
Dora and the Lost City of Gold,en,29.359,620,6.5
Dilwale Dulhania Le Jayenge,hi,29.336,2224,8.8
Psycho,en,29.247,5946,8.4
The Lion King,en,29.181,11913,8.3
Casino Royale,en,29.162,6842,7.4
Hotel Belgrad,ru,29.142,5,8.7
A Bug's Life,en,29.049,5775,6.9
Cloudy with a Chance of Meatballs 2,en,29.042,1955,6.4
The Curious Case of Benjamin Button,en,29.029,7864,7.5
Bad Times at the El Royale,en,29.016,2051,6.8
Altered Carbon: Resleeved,ja,29.014,68,6.1
Baby Driver,en,28.923,9573,7.4
The Smurfs 2,en,28.92,1381,5.7
Maze Runner: The Death Cure,en,28.839,4602,7
2001: A Space Odyssey,en,28.811,6903,8.1
The Purge: Anarchy,en,28.781,4270,6.6
Dark Waters,en,28.725,363,7.4
Bombshell,en,28.704,628,6.8
Iron Man 3,en,28.669,15739,6.9
Pretty Woman,en,28.662,4463,7.3
Spectre,en,28.635,7365,6.5
The Great Gatsby,en,28.633,8196,7.4
Alien,en,28.563,8724,8.1
Star Trek,en,28.465,6980,7.4
Peter Pan,en,28.449,3489,7.2
Wonder,en,28.421,4811,8.2
A Cinderella Story: If the Shoe Fits,en,28.414,445,6.8
Fighting with My Family,en,28.37,761,6.7
Ratatouille,en,28.354,10432,7.7
The Hangover,en,28.348,11662,7.3
Lion,en,28.336,4474,8.1
Descendants 3,en,28.289,570,7.8
Replicas,en,28.27,640,5.9
Tomorrow Never Dies,en,28.242,1787,6.3
Den of Thieves,en,28.23,1552,6.6
How to Train Your Dragon,en,28.205,8711,7.7
Sinister Seduction,en,28.185,1,6
A Star Is Born,en,28.174,7591,7.5
Dawn of the Planet of the Apes,en,28.17,7812,7.3
The Hunt,da,28.086,1893,8.1
Spider-Man 3,en,28.05,8273,6.2
Haunt,en,28.047,200,6.3
Midnight in Paris,en,28.039,4642,7.5
The Little Mermaid,en,28.036,4888,7.3
Mr. & Mrs. Smith,en,28.029,6580,6.6
Sniper: Ultimate Kill,en,28.028,83,6.2
Freddy's Dead: The Final Nightmare,en,28.017,652,5.2
Eyes Wide Shut,en,28.017,3255,7.4
Zombieland,en,27.993,7959,7.2
Kong: Skull Island,en,27.971,6893,6.4
Glass,en,27.957,4762,6.6
Chappie,en,27.954,5498,6.7
Skyfall,en,27.934,11373,7.1
Fantastic Beasts: The Crimes of Grindelwald,en,27.929,6351,6.9
Train to Busan,ko,27.924,3298,7.7
Ip Man 4: The Finale,cn,27.914,395,6
Tales from the Darkside: The Movie,en,27.905,172,6.1
The Informer,en,27.902,134,6.4
Five Feet Apart,en,27.896,2016,8.1
A Nightmare on Elm Street Part 2: Freddy's Revenge,en,27.82,923,5.8
Beauty and the Beast,en,27.769,12084,6.9
The Predator,en,27.768,2551,5.3
"Three Billboards Outside Ebbing, Missouri",en,27.738,6408,8.1
Jaws,en,27.728,5937,7.6
Superman,en,27.689,2168,7.1
Master and Commander: The Far Side of the World,en,27.679,1733,7.1
The World Is Not Enough,en,27.671,1660,6.2
Jupiter Ascending,en,27.669,4864,5.3
The Big Lebowski,en,27.668,6710,7.9
And What Is He Like?,es,27.657,0,0
Playing with Love,it,27.653,35,5.3
Reservoir Dogs,en,27.609,8756,8.2
Life Is Beautiful,it,27.603,8419,8.5
El inconveniente,es,27.593,0,0
Dracula,en,27.572,2734,7.4
Ghostbusters,en,27.566,5387,7.4
Me Before You,en,27.538,6887,7.7
Star Trek Into Darkness,en,27.518,6731,7.3
No Time to Die,en,27.478,0,0
American Sniper,en,27.474,8684,7.4
Die Hard,en,27.469,7001,7.7
Bruce Almighty,en,27.465,7216,6.7
Toy Story 2,en,27.46,8938,7.5
Pet Sematary,en,27.414,1820,5.8
Ustica: The Missing Paper,it,27.413,26,5.6
Don't Look Now: We're Being Shot At,fr,27.328,744,7.9
All the Bright Places,en,27.326,705,7.5
Pearl Harbor,en,27.292,3952,6.8
Jumanji: Welcome to the Jungle,en,27.265,8870,6.7
Monsters University,en,27.25,7150,7
Taken 3,en,27.216,3847,6.2
Minuscule 2: Mandibles From Far Away,fr,27.209,52,6.6
The Good Liar,en,27.149,258,6.6
The Room,en,27.144,89,6
Curiosa,fr,27.118,42,6.1
Thor: The Dark World,en,27.077,11515,6.6
Sea Fever,en,27.061,0,0
Beetlejuice,en,27.053,3662,7.3
Alvin and the Chipmunks: Chipwrecked,en,26.947,1283,5.6
The Boy,en,26.944,2534,5.8
Alice in Wonderland,en,26.922,9877,6.6
Black Christmas,en,26.903,146,4.4
Cast Away,en,26.883,7045,7.6
Alice in Wonderland,en,26.874,3835,7.1
Close Encounters of the Third Kind,en,26.874,2411,7.4
The Revenant,en,26.847,12590,7.5
The Hobbit: The Desolation of Smaug,en,26.844,8642,7.6
La La Land,en,26.835,11497,7.9
Mulan,en,26.821,5665,7.9
The Autopsy of Jane Doe,en,26.807,2229,6.5
Kingsman: The Golden Circle,en,26.806,6363,6.9
Sherlock Holmes,en,26.8,10028,7.2
Hellboy,en,26.792,1689,5.3
Jan Dara,th,26.759,12,7.7
Fifty Shades of Grey,en,26.739,7282,5.5
Night at the Museum: Secret of the Tomb,en,26.642,4036,6.2
Skyscraper,en,26.516,2801,6.2
The Incredible Hulk,en,26.512,7263,6.2
Collateral Beauty,en,26.499,3788,7.2
Portrait of a Lady on Fire,fr,26.479,451,8.3
The Princess Diaries 2: Royal Engagement,en,26.477,2075,6.5
The Patriot,en,26.477,2283,7.1
It's a Wonderful Life,en,26.429,2330,8.2
Exodus: Gods and Kings,en,26.41,3209,5.8
Her,en,26.407,9286,7.9
Paul Blart: Mall Cop 2,en,26.371,1021,5
10 Cloverfield Lane,en,26.342,5181,6.9
X-Men: Apocalypse,en,26.338,9219,6.5
Scarface,en,26.31,6445,8.1
Anna,fr,26.276,967,6.6
6 Underground,en,26.271,1790,6.2
Airplane!,en,26.239,2440,7.3
How to Be Single,en,26.199,2323,6.1
Terminator 3: Rise of the Machines,en,26.171,4136,6
Suburbicon,en,26.149,1046,5.8
Star Trek Beyond,en,26.107,4685,6.7
Superman II,en,26.092,1314,6.6
Minority Report,en,26.085,5290,7.3
The Pianist,en,26.02,4938,8.3
Monty Python and the Holy Grail,en,26.016,3516,7.8
Twelve Monkeys,en,26.01,4974,7.6
Mission: Impossible - Ghost Protocol,en,25.997,6746,7
Fifty Shades Freed,en,25.963,4160,6.2
Princess Mononoke,ja,25.949,4460,8.4
Star Trek V: The Final Frontier,en,25.934,658,5.7
Gangs of New York,en,25.915,4098,7.3
No Country for Old Men,en,25.89,6924,7.9
The Incredibles,en,25.873,11985,7.7
Castle in the Sky,ja,25.856,2128,8
The Transporter,en,25.854,3261,6.6
Taken,en,25.843,7571,7.3
Safe House,en,25.842,2245,6.4
Angels & Demons,en,25.841,4468,6.6
Frankenstein,en,25.836,742,7.5
Determined,en,25.796,0,0
Jurassic Park,en,25.777,10327,7.9
Chunky Shrapnel,en,25.759,0,0
Survivor,en,25.733,642,5.5
Hacksaw Ridge,en,25.715,7701,8.1
The Scheme,en,25.696,0,0
An Officer and a Spy,fr,25.696,445,7.2
Furious 7,en,25.696,7245,7.3
Pitch Perfect 2,en,25.683,3991,6.9
Kingdom of Heaven,en,25.665,2422,6.7
Annabelle: Creation,en,25.662,3664,6.5
Black Swan,en,25.655,9512,7.6
The Interview,en,25.654,3972,6.2
A Walk Among the Tombstones,en,25.644,1871,6.3
Lady and the Tramp,en,25.637,3328,7.1
Quantum of Solace,en,25.626,5045,6.3
The Godfather: Part II,en,25.613,6887,8.5
Rocky,en,25.596,4439,7.7
American History X,en,25.596,7041,8.4
Pride & Prejudice,en,25.588,3988,7.9
Game Night,en,25.579,3401,6.9
Madagascar: Escape 2 Africa,en,25.546,4400,6.4
GoldenEye,en,25.499,2258,6.8
The Fate of the Furious,en,25.482,7025,6.9
A Haunted House 2,en,25.48,718,5.7
Rules of Engagement,en,25.472,352,6.1
The Adventures of Tintin,en,25.424,3645,6.8
Lady Bird,en,25.382,4810,7.3
Serigala Langit,id,25.374,0,0
First Blood,en,25.317,3382,7.4
Nymphomaniac: Vol. II,en,25.31,1783,6.8
Acts of Vengeance,en,25.297,256,5.8
Spotlight,en,25.294,5582,7.8
Chicken Run,en,25.28,2988,6.6
Bumblebee,en,25.256,3451,6.6
Queen & Slim,en,25.228,153,7.2
Grease,en,25.215,4522,7.4
Hercules,en,25.204,4504,7.5
Memento,en,25.203,9054,8.2
Kill Bill: Vol. 2,en,25.198,8908,7.9
Crocodile Dundee,en,25.178,1075,6.3
Cinderella,en,25.176,4292,7
Red Sparrow,en,25.168,3993,6.5
Hercules,en,25.166,2882,5.7
Annabelle Comes Home,en,25.164,1326,6.1
Tremors,en,25.161,1799,6.7
My Spy,en,25.16,21,7
Dumbo,en,25.137,2529,6.6
The Angry Birds Movie 2,en,25.104,537,6.8
Transformers: Age of Extinction,en,25.078,5339,5.8
Rambo: First Blood Part II,en,25.076,1992,6.5
47 Meters Down: Uncaged,en,25.057,505,5
Ghostbusters,en,25.041,4258,5.4
Hotel Transylvania 3: Summer Vacation,en,25.026,2099,6.8
Self/less,en,25.018,2043,6.3
Lucy,en,24.987,11143,6.3
Doom: Annihilation,en,24.982,130,4.3
The Amazing Spider-Man,en,24.981,11534,6.5
The Usual Suspects,en,24.979,6441,8.2
X-Men: Production Scrapbook,en,24.975,20,6.3
Casino,en,24.958,3029,8
Death Wish,en,24.945,1487,5.9
Eduardo and Monica,pt,24.94,0,0
The Amazing Spider-Man 2,en,24.886,8147,6.4
One Hundred and One Dalmatians,en,24.874,4007,7.1
Scott Pilgrim vs. the World,en,24.87,4512,7.4
The Purge,en,24.867,5559,6.2
Prometheus,en,24.86,8156,6.4
Sex Tape,en,24.832,3013,5.3
Armageddon,en,24.825,4923,6.7
Ice Princess,en,24.806,580,6.1
Untitled Spider-Man 3,en,24.78,0,0
2012,en,24.773,8492,5.7
To All the Boys: P.S. I Still Love You,en,24.759,990,6.9
The Lorax,en,24.755,2099,6.4
Star Trek IV: The Voyage Home,en,24.721,829,7.2
The Bourne Identity,en,24.707,6054,7.4
Midsommar,en,24.706,1950,7.1
The Concubine,ko,24.706,36,6
The Hateful Eight,en,24.698,9421,7.7
Batman Returns,en,24.698,3777,6.8
Despicable Me,en,24.68,11062,7.2
Kingsman: The Secret Service,en,24.675,11410,7.6
The Mummy,en,24.663,5648,6.8
The Addams Family,en,24.654,711,6.2
The Drop,en,24.647,1374,6.7
The Intouchables,fr,24.633,11252,8.2
Barbie as The Princess & the Pauper,en,24.63,730,7.4
Rise of the Planet of the Apes,en,24.611,8080,7.2
Call Me by Your Name,en,24.609,6400,8.3
Hansel & Gretel: Witch Hunters,en,24.545,4918,5.9
The Notebook,en,24.534,7138,7.9
Wolf Warrior 3,zh,24.497,0,0
Groundhog Day,en,24.494,4621,7.5
Fate/Stay Night: Heaven's Feel III. Spring Song,ja,24.491,0,0
Mulan,en,24.491,0,0
Malik & Elsa,id,24.468,0,0
Arracht,ga,24.45,0,0
Pixels,en,24.434,4982,5.6
Thunderball,en,24.429,1179,6.7
Tangled,en,24.407,7372,7.6
Apollo 13,en,24.38,3324,7.4
Now You See Me,en,24.373,11065,7.4
Brightburn,en,24.316,1372,5.9
Wreck-It Ralph,en,24.305,8712,7.3
Heat,en,24.303,3789,7.8
Total Recall,en,24.302,3315,7.2
Constantine,en,24.293,3830,6.8
10 Things I Hate About You,en,24.284,4744,7.5
Ma,en,24.272,859,5.6
Haathi Mere Saathi,hi,24.254,0,0
Dumb and Dumber,en,24.251,3867,6.5
Dragon Ball Z: Broly ¨C The Legendary Super Saiyan,ja,24.249,437,7.2
The Hustle,en,24.243,1092,6.1
The Secret World of Arrietty,ja,24.229,1479,7.6
Alien3,en,24.167,3232,6.3
Snowpiercer,ko,24.15,5687,6.8
Tarzan,en,24.129,4278,7.4
xXx: State of the Union,en,24.118,1125,4.8
Schlingensief ¨C A Voice That Shook the Silence,de,24.103,0,0
Escape from Alcatraz,en,24.097,1418,7.5
Crawl,en,24.094,1297,6.1
12 Angry Men,en,24.083,4460,8.4
Annihilation,en,24.073,5352,6.3
The Kitchen,en,24.065,226,6.2
Tracers,en,24.059,763,5.9
The Expendables,en,24.035,5183,6.1
Mission: Impossible,en,24.011,5370,6.9
Coraline,en,24.003,3689,7.6
Shrek the Third,en,23.995,5613,6.2
RoboCop,en,23.972,3770,5.8
Goldfinger,en,23.961,2003,7.4
Nishabdham,te,23.951,0,0
The Prestige,en,23.943,9581,8.2
Batman Forever,en,23.943,3215,5.3
Hacer la vida,es,23.931,0,0
300,en,23.925,9154,7.1
Aliens,en,23.888,5791,7.9
Conan the Barbarian,en,23.873,1342,6.7
The Godfather: Part III,en,23.844,3450,7.4
Hexenkinder,de,23.81,0,0
Bikini Valley Car Wash,en,23.734,0,0
Once Upon a Deadpool,en,23.722,361,6.9
Shaun of the Dead,en,23.713,5325,7.5
Captain Fantastic,en,23.71,4100,8
Pacific Rim,en,23.694,8400,6.8
Trainwreck,en,23.666,1899,5.8
Apocalypse Now,en,23.665,4686,8.3
Lost Girls,en,23.632,200,6.2
The Gods Must Be Crazy,en,23.604,538,7.1
Pinocchio,en,23.591,3583,7
The Taming of the Scoundrel,it,23.584,259,7.1
Shrek Forever After,en,23.584,4449,6.2
Hot Girls Wanted,en,23.577,351,6
The Wolf's Call,fr,23.576,864,7.7
Away,lv,23.571,5,9
Million Dollar Baby,en,23.565,5699,7.9
Blouma,fr,23.555,0,0
Independence Day,en,23.553,6192,6.8
Shipwrecked,no,23.542,26,6.7
The Girl Who Killed Her Parents,pt,23.538,1,1.5
Tomb Raider,en,23.535,5142,6.3
Ted 2,en,23.518,4716,6.2
Commando,en,23.517,1502,6.6
Nausica? of the Valley of the Wind,ja,23.509,1751,7.9
The Sixth Sense,en,23.495,7216,7.9
Escape Plan,en,23.478,3245,6.7
Mission: Impossible - Rogue Nation,en,23.468,5825,7.1
Porco Rosso,ja,23.457,1541,7.8
Superintelligence,en,23.427,0,0
A Hidden Life,en,23.416,125,7.1
The Purge: Election Year,en,23.397,3315,6.3
Cheeky,it,23.38,100,5.6
Instant Family,en,23.368,1311,7.5
The Spy Who Dumped Me,en,23.362,1325,6.4
Clash of the Titans,en,23.352,4182,5.8
Southpaw,en,23.336,3826,7.4
Crank,en,23.335,2197,6.6
The Parts You Lose,en,23.33,12,6.4
Sing,en,23.329,4886,7
Ninja Assassin,en,23.323,725,6.2
The Book of the Sea,ru,23.318,0,0
Valerian and the City of a Thousand Planets,en,23.308,4787,6.5
The Simpsons Movie,en,23.303,5190,6.9
Fantasia 2000,en,23.286,751,7.1
The Departed,en,23.272,9196,8.1
Fantastic Four: Rise of the Silver Surfer,en,23.267,5447,5.5
Bird Box,en,23.22,6137,6.9
Point Break,en,23.212,1433,5.7
Night at the Museum,en,23.203,6806,6.5
James and the Giant Peach,en,23.202,776,6.4
Das perfekte Geheimnis,de,23.155,53,6.9
Pocahontas II: Journey to a New World,en,23.149,842,5.3
Batman & Robin,en,23.139,3113,4.3
Official Secrets,en,23.138,175,7.2
Catch Me If You Can,en,23.135,8733,7.9
Lady and the Tramp II: Scamp's Adventure,en,23.117,772,6.3
Into the Woods,en,23.114,3216,5.7
Law Abiding Citizen,en,23.092,2996,7.3
Stargate,en,23.08,1888,6.9
Weathering with You,ja,23.073,218,7.7
"Sex, Party and Lies",es,23.069,78,4
Color Out of Space,en,23.068,149,6.4
Limitless,en,23.061,7159,7.2
War Dogs,en,23.04,2773,6.8
Full Metal Jacket,en,23.029,6183,8.1
The Animal,en,23.026,672,4.7
I Kill Giants,en,23.024,733,6.1
The Hunger Games: Mockingjay - Part 2,en,23.015,8445,6.9
Robin Hood,en,22.998,1734,5.8
Divergent,en,22.967,9204,6.9
Poltergeist,en,22.952,1634,5.1
Corpse Bride,en,22.941,5144,7.4
The Lego Movie,en,22.918,5369,7.4
Rocketman,en,22.898,1990,7.4
Snow White and the Seven Dwarfs,en,22.885,4839,7.1
The World's End,en,22.884,3433,6.8
Snatch,en,22.884,5468,7.8
Love Story,te,22.86,0,0
Donnie Darko,en,22.833,7858,7.8
Boomerang,ru,22.826,0,0
Creed,en,22.819,4588,7.4
Indiana Jones and the Temple of Doom,en,22.818,5607,7.2
The Boy Who Killed My Parents,pt,22.816,0,0
War of the Worlds,en,22.808,5101,6.4
The Hunger Games: Catching Fire,en,22.795,12330,7.4
Hot Fuzz,en,22.785,4596,7.5
Little,en,22.769,278,6.5
Pan's Labyrinth,es,22.756,6880,7.7
American Pie,en,22.739,4975,6.5
Let's Be Cops,en,22.738,1858,6.3
Blade II,en,22.738,2902,6.4
Gone in Sixty Seconds,en,22.716,2682,6.3
The Golden Compass,en,22.706,3075,6
The Twilight Saga: Breaking Dawn - Part 1,en,22.681,5796,6
Sin City: A Dame to Kill For,en,22.679,2513,6.3
Kung Fu Panda,en,22.671,7033,7.1
The Mule,en,22.663,2665,6.7
Secretary,en,22.635,793,6.8
The Courier,en,22.606,71,5.5
Dial M for Murder,en,22.605,1331,8
Dragon Ball Z: Broly ¨C Second Coming,ja,22.603,334,6.6
V for Vendetta,en,22.562,9299,7.9
xXx: Return of Xander Cage,en,22.56,2745,5.6
The Criminal Man,ru,22.554,0,0
Bad Company,en,22.548,430,5.4
Sherlock Holmes: A Game of Shadows,en,22.534,7155,7.1
Okja,en,22.532,2640,7.5
"Batman: The Dark Knight Returns, Part 1",en,22.522,836,7.7
Bastille Day,en,22.512,768,6.2
A Fistful of Dollars,it,22.506,2213,7.9
Dirty Dancing,en,22.461,3683,7.3
Home Alone 2: Lost in New York,en,22.456,5802,6.6
How to Train Your Dragon: Homecoming,en,22.428,105,8.1
Galwakdi,pa,22.417,0,0
The Host,en,22.411,3064,6.3
London Has Fallen,en,22.404,2991,6
The Hitman's Bodyguard,en,22.402,3614,6.7
Jumper,en,22.373,3619,6
The Good Dinosaur,en,22.372,3578,6.7
Death Proof,en,22.368,2955,6.8
Paradise Drifters,nl,22.335,0,0
Lethal Weapon 4,en,22.324,1529,6.5
Fearless,zh,22.313,688,7.4
Batman,en,22.302,4538,7.2
The Boy Who Harnessed the Wind,en,22.301,537,8
Hulk,en,22.295,3662,5.4
It Follows,en,22.281,4006,6.5
EASY LIVING - La vita facile,it,22.278,0,0
Down by Law,en,22.275,337,7.6
Wrong Turn 3: Left for Dead,en,22.267,502,5.1
Blackhat,en,22.234,1273,5.3
A View to a Kill,en,22.234,993,6.2
Passengers,en,22.193,8990,6.9
Watchmen,en,22.18,5773,7.3
Wild Child,en,22.158,1182,6.7
Cars 2,en,22.155,4687,5.9
The Lone Ranger,en,22.136,4215,6
Rocky II,en,22.128,2450,7.1
Chaos,en,22.126,529,6.2
Norbit,en,22.123,1151,5.3
"South Park: Bigger, Longer & Uncut",en,22.105,1632,7.1
Final Fantasy VII: Advent Children,ja,22.103,525,6.8
King Kong,en,22.103,4912,6.7
Megamind,en,22.086,4196,6.8
Primal,en,22.079,55,6.5
A Fall From Grace,en,22.074,348,7.1
After Porn Ends 3,en,22.074,43,5.4
The Magnificent Seven,en,22.06,4001,6.2
Mirror Mirror,en,22.06,2389,5.9
BlacKkKlansman,en,22.048,4293,7.6
Gran Torino,en,22.043,6753,8
Private Lessons,en,22.04,38,5.7
Barbie Mariposa,en,22.039,262,6.4
The Naked Gun: From the Files of Police Squad!,en,22.033,2077,7.2
The Pursuit of Happyness,en,22.032,6079,7.9
Wind River,en,22.031,2864,7.4
The Shape of Water,en,22.03,8392,7.2
The Ant Bully,en,22.014,820,5.6
Zodiac,en,22.006,5478,7.5
Saw,en,22.005,5505,7.4
Dallas Buyers Club,en,22.002,5563,7.9
Unfaithful,en,21.994,671,6.4
Must Be... Love,en,21.981,9,6.3
Once Upon a Time in the West,it,21.969,2408,8.3
Spawn,en,21.965,670,5.2
High Strung,en,21.96,732,7.1
Anchorman: The Legend of Ron Burgundy,en,21.958,2692,6.7
Annabelle,en,21.941,4054,5.6
The Librarian: Quest for the Spear,en,21.934,351,6.2
Unbreakable,en,21.922,5943,7.1
National Treasure,en,21.915,4058,6.5
All the President's Men,en,21.911,932,7.8
Mirage,es,21.909,746,7.5
Mucize 2: A?k,tr,21.905,1,8
Die Hard 2,en,21.891,3393,6.8
The Snowman,en,21.876,1426,5.1
A Nightmare on Elm Street,en,21.872,2877,7.3
Eternal Sunshine of the Spotless Mind,en,21.872,8871,8.1
Sin City,en,21.867,5239,7.4
Turnt,en,21.84,0,0
Mission: Impossible II,en,21.84,4038,6.1
Nocturnal Animals,en,21.823,4948,7.4
Girls und Panzer das Finale: Part II,ja,21.822,11,4.4
Oldboy,en,21.822,1184,5.9
The First Purge,en,21.819,2251,5.8
Army of Darkness,en,21.815,1719,7.3
Fantastic Four,en,21.813,4218,4.4
The Expendables 2,en,21.807,4658,6.2
Sully,en,21.779,4542,7.1
Men in Black 3,en,21.765,7226,6.4
12 Years a Slave,en,21.754,7624,7.9
Murder Mystery,en,21.753,1987,6.3
Music and Lyrics,en,21.749,1067,6.4
I Am Number Four,en,21.729,3187,6.1
Ice Age: Dawn of the Dinosaurs,en,21.681,5262,6.6
E.T. the Extra-Terrestrial,en,21.675,7421,7.5
The Eagle Huntress,en,21.672,56,7.3
Jigsaw,en,21.664,2226,6.1
Slumdog Millionaire,en,21.659,6902,7.7
Only the Brave,en,21.638,745,7.1
Enemy at the Gates,en,21.632,2007,7.4
Goosebumps,en,21.631,2505,6.2
A Prayer Before Dawn,en,21.588,257,6.8
Clueless,en,21.588,2259,7.2
Shot Caller,en,21.583,1237,6.9
Kajillionaire,en,21.577,0,0
Hop,en,21.571,723,5.6
The Florida Project,en,21.564,1421,7.4
War for the Planet of the Apes,en,21.557,5840,7.1
Paradise Hills,en,21.543,118,5.7
Captain America: The Winter Soldier,en,21.538,12506,7.7
Atomic Blonde,en,21.534,4207,6.3
Sicario,en,21.528,5084,7.3
Re:Zero kara Hajimeru Isekai Seikatsu - Frozen Bonds,ja,21.525,4,7.8
Mission to Mars,en,21.5,775,5.9
Minions,en,21.489,7874,6.4
The Karate Kid,en,21.489,3628,6.4
Akira,ja,21.471,1982,7.9
The Greatest Showman,en,21.464,6072,8
The Gods Must Be Crazy II,en,21.454,198,6.6
You've Got Mail,en,21.45,1936,6.6
Independence Day: Resurgence,en,21.447,4260,5.1
Gli anni sconosciuti di Ges¨´,it,21.444,0,0
The Croods,en,21.429,4405,6.8
The Kangaroo Chronicles,de,21.428,14,6.2
LelleBelle,nl,21.427,45,4.9
Halloween,en,21.417,2594,6.4
Nutty Professor II: The Klumps,en,21.414,805,4.9
Alien Resurrection,en,21.404,2757,6
The Favourite,en,21.398,3062,7.6
Logan Lucky,en,21.381,2010,6.7
Kiki's Delivery Service,ja,21.374,1913,7.8
Into the Wild,en,21.357,6543,7.8
Kaadan,ta,21.349,0,0
Ocean's Eleven,en,21.334,7553,7.4
Tarzan II,en,21.323,671,6
Kung Fu Panda 3,en,21.314,3356,6.7
Finding Dory,en,21.311,8749,7
Transporter 2,en,21.307,2095,6.3
Mortal Engines,en,21.291,2575,6.1
Perfume: The Story of a Murderer,en,21.291,2623,7.2
Good Will Hunting,en,21.27,7000,8.1
Penguins of Madagascar,en,21.264,2562,6.4
Shark Tale,en,21.259,4237,5.9
A Good Day to Die Hard,en,21.254,4735,5.3
Upgrade,en,21.252,1849,7.4
Grimsby,en,21.249,1459,5.9
The Traitor,it,21.218,495,7.8
Are We There Yet?,en,21.214,524,5.3
Pride and Glory,en,21.193,491,6.4
No Way Out,en,21.19,0,0
Belle,en,21.186,460,7.2
Scary Stories to Tell in the Dark,en,21.179,1047,6.3
The Rescuers,en,21.175,1561,6.8
Guess Who,en,21.164,535,5.8
The Elephant Man,en,21.14,1794,8.1
Allegiant,en,21.135,4636,6
Life,en,21.124,4787,6.4
Maze Runner: The Scorch Trials,en,21.104,7041,6.6
Swallow,en,21.099,55,7
The Great Wall,en,21.094,3175,5.8
Death Race,en,21.089,2330,6.1
Mulan II,en,21.082,1310,6.3
Sweeney Todd: The Demon Barber of Fleet Street,en,21.081,3741,7.1
Murder on the Orient Express,en,21.058,6379,6.7
Charlie's Angels,en,21.057,2691,5.7
Bambi II,en,21.049,543,6.2
Lethal Weapon,en,21.048,2656,7.2
The Butterfly Effect,en,21.039,4460,7.5
The Girl Next Door,en,21.025,1781,6.4
Ocean's Eight,en,21.003,4676,6.9
Jay and Silent Bob Reboot,en,20.996,136,5.9
Come to Daddy,en,20.994,61,5.8
Bambi,en,20.98,3561,7
The Dating List,en,20.974,9,8
The SpongeBob Movie: Sponge Out of Water,en,20.966,1322,5.8
The Deer Hunter,en,20.958,2066,8
Cowboys & Aliens,en,20.933,3450,5.5
Sucker Punch,en,20.929,3054,6.1
Miracles from Heaven,en,20.915,597,7.2
The Jungle Book,en,20.914,4146,7.3
Hitch,en,20.905,3626,6.4
Charlie and the Chocolate Factory,en,20.9,9550,7
The Guns of Navarone,en,20.885,371,7.5
Mary Poppins Returns,en,20.882,2076,6.5
Wayne's World,en,20.874,1344,6.6
The Intern,en,20.866,3989,7.1
The Chronicles of Narnia: The Voyage of the Dawn Treader,en,20.86,3702,6.4
The Final Destination,en,20.845,1886,5.6
Open Season,en,20.831,1667,6.1
Mandy,en,20.81,858,6.2
The Next Three Days,en,20.796,1717,7
"Extremely Wicked, Shockingly Evil and Vile",en,20.791,1805,7
Suicide Squad,en,20.781,15091,5.9
The Great Debaters,en,20.778,311,7.2
King Arthur: Legend of the Sword,en,20.774,3789,6.5
Total Recall,en,20.773,3851,5.9
Gravity,en,20.773,10839,7.2
mother!,en,20.767,4211,7
Jack Reacher,en,20.755,4562,6.5
Drive,en,20.748,7803,7.5
The Loft,en,20.739,869,6.4
The Assassination of Jesse James by the Coward Robert Ford,en,20.735,1497,7.1
Horse Girl,en,20.732,170,5.4
The Peanut Butter Falcon,en,20.723,299,7.4
Citizen Kane,en,20.709,2909,8.1
Sexual Chronicles of a French Family,fr,20.707,177,4.5
Warcraft,en,20.704,4599,6.3
Beowulf,en,20.689,1710,5.7
Seventh Son,en,20.688,1717,5.3
Beauty and the Beast: The Enchanted Christmas,en,20.681,610,6.1
The 5th Wave,en,20.679,4082,5.9
The Man Who Knew Too Much,en,20.668,685,7.6
The Polar Express,en,20.655,3760,6.6
The Commuter,en,20.643,2831,6.2
Homefront,en,20.638,1634,6.5
Terminator Salvation,en,20.634,4260,6
Begin Again,en,20.63,2352,7.2
The Angry Birds Movie,en,20.627,2187,6
The Last House on the Left,en,20.625,943,6.4
Legends of the Fall,en,20.625,1350,7.4
The Animatrix,en,20.596,812,7
Wallace & Gromit: The Curse of the Were-Rabbit,en,20.589,1512,6.9
Mortal Kombat Legends: Scorpion¡¯s Revenge,en,20.553,0,0
A Cinderella Story: Christmas Wish,en,20.546,324,6.7
Below Her Mouth,en,20.54,498,6.2
Blow,en,20.529,2729,7.4
Eye for an Eye,es,20.527,86,6.6
Modern Times,en,20.525,2060,8.3
Yesterday,en,20.514,1522,6.7
The Wizard of Oz,en,20.514,3454,7.5
Texas Chainsaw 3D,en,20.508,919,5.3
Homeward Bound: The Incredible Journey,en,20.508,530,6.7
A Beautiful Mind,en,20.507,6356,7.8
American Psycho,en,20.505,5193,7.4
Serenity,en,20.504,813,5.3
The Vanishing,en,20.502,329,5.5
Pacific Rim: Uprising,en,20.5,2740,5.9
The 6th Day,en,20.495,1151,5.9
Violet Evergarden: Eternity and the Auto Memory Doll,ja,20.493,14,8
The Accountant,en,20.485,3798,7
Superman IV: The Quest for Peace,en,20.479,666,4.4
American Wedding,en,20.476,2576,6.1
"Mickey, Donald, Goofy: The Three Musketeers",en,20.474,482,6.4
Second Act,en,20.472,648,6.2
Vertigo,en,20.469,3027,8.2
S.W.A.T.,en,20.467,1430,6
Furry Vengeance,en,20.459,337,4.6
Dinosaur,en,20.459,1407,6.4
A Real Young Girl,fr,20.452,54,5.4
Inherent Vice,en,20.444,1606,6.6
The Wedding Ringer,en,20.443,1080,6.5
Oblivion,en,20.432,7574,6.5
The Santa Clause 3: The Escape Clause,en,20.422,599,5.3
Robots,en,20.422,2917,6.3
Time Out of Mind,en,20.419,90,5.5
The Wind Rises,ja,20.409,1480,7.8
Seven Pounds,en,20.404,4493,7.6
The Spy Who Loved Me,en,20.398,982,6.7
Come and See,ru,20.375,421,8.3
Run All Night,en,20.372,1869,6.4
Edward Scissorhands,en,20.371,8492,7.7
8 Mile,en,20.371,4075,7
Am¨¦lie,fr,20.357,7231,7.9
The Wandering Earth,zh,20.356,290,6.3
Cold Pursuit,en,20.35,1357,5.5
Sierra Burgess Is a Loser,en,20.341,2680,6.4
Before I Go to Sleep,en,20.34,1252,6.5
Molly's Game,en,20.333,2083,7.1
Kick-Ass 2,en,20.314,4238,6.4
The Boy in the Striped Pyjamas,en,20.311,4191,7.8
Transporter 3,en,20.308,2054,6.1
The Cat Returns,ja,20.295,897,7.2
Undisputed III: Redemption,en,20.28,358,7.4
Unhinged,en,20.23,0,0
The Dark Tower,en,20.218,3317,5.6
9 Songs,en,20.217,211,5.1
Barnyard,en,20.205,562,5.6
Alice Through the Looking Glass,en,20.196,4423,6.5
Public Enemies,en,20.187,2653,6.6
Black Hawk Down,en,20.172,3365,7.3
Who Framed Roger Rabbit,en,20.163,3383,7.4
Traitor,en,20.159,372,6.6
Cursed,en,20.14,350,5.3
Danger Close,en,20.135,55,6.5
Now You See Me 2,en,20.127,7614,6.8
The Untouchables,en,20.123,3289,7.8
Adrift,en,20.121,1560,6.8
The Prince,en,20.121,339,4.8
The Girl with the Dragon Tattoo,en,20.113,4447,7.3
The Carnivores,en,20.112,0,0
Madagascar,en,20.101,7121,6.8
Summertime,fr,20.096,186,6.6
Freaks,en,20.091,235,6.7
Flubber,en,20.084,1458,5.6
The Square,en,20.079,720,6.9
Hooking Up,en,20.077,3,10
Power Rangers,en,20.063,3014,6.2
Platoon,en,20.054,2488,7.7
The Huntsman: Winter's War,en,20.049,3372,6.2
A Tale of Two Sisters,ko,20.038,526,7.1
Almost Famous,en,20.034,1528,7.5
The Judge,en,20.027,2648,7.3
Prisoners,en,20.022,6679,8
Big Momma's House,en,20.012,1366,5.7
Rage,en,20.007,477,5.2
Dragonheart 3: The Sorcerer's Curse,en,20.003,144,5.2
The Fox and the Hound,en,19.999,2051,7.1
Getaway,en,19.985,427,5.1
Rango,en,19.971,3902,6.6
The Cobbler,en,19.965,1039,5.7
My Hero Academia: Heroes Rising,ja,19.962,32,8
The Italian Job,en,19.956,3513,6.7
Felon,en,19.949,453,7.2
Timmy Failure: Mistakes Were Made,en,19.947,26,6.2
Room,en,19.947,6312,8.1
American Factory,en,19.944,164,7.2
"Crouching Tiger, Hidden Dragon",zh,19.943,1845,7.3
Man on Fire,en,19.928,2885,7.4
San Andreas,en,19.924,5733,6.1
Trolls,en,19.922,2139,6.6
Allied,en,19.919,3164,6.7
Dredd,en,19.919,3165,6.7
Fargo,en,19.914,4513,7.9
Forever Young,en,19.912,481,6.3
Flushed Away,en,19.903,2299,6.1
The Expendables 3,en,19.902,3243,6.2
An Extremely Goofy Movie,en,19.9,334,6.2
The Bodyguard,en,19.895,1578,6.5
Boiler Room,en,19.886,363,6.7
Salt,en,19.871,3652,6.3
Dumbo,en,19.869,3161,7
The Grand Budapest Hotel,en,19.868,9280,8
Halloween,en,19.868,2838,7.5
The Last Samurai,en,19.863,4061,7.5
Blue Lagoon: The Awakening,en,19.86,892,6.4
RED 2,en,19.857,2650,6.5
The Exorcism of Emily Rose,en,19.856,1618,6.4
The Road to El Dorado,en,19.852,2295,7.2
The Legend of Zorro,en,19.852,1829,6
Saw V,en,19.845,1981,6.1
Fantastic Four,en,19.839,6361,5.7
A Christmas Carol,en,19.838,2917,6.8
Bullet to the Head,en,19.829,765,5.4
The Day the Earth Stood Still,en,19.827,578,7.5
Hard Target,en,19.818,510,6.2
The Man Who Knew Infinity,en,19.799,835,7.2
Orphan,en,19.795,2943,6.8
Chicken Little,en,19.791,2387,5.8
The Chronicles of Narnia: Prince Caspian,en,19.789,4113,6.6
Saving Zo?,en,19.788,59,5.9
Bridge of Spies,en,19.787,4801,7.2
The Intruder,en,19.781,194,6.1
The Fault in Our Stars,en,19.78,8181,7.6
Kronk's New Groove,en,19.763,664,6.2
Secret Society of Second Born Royals,en,19.745,0,0
Dead Poets Society,en,19.74,6822,8.3
Remember,en,19.736,379,7.4
Ultraman Taiga The Movie: New Generation Climax,ja,19.735,0,0
Long Shot,en,19.728,1049,6.6
My Mom's New Boyfriend,en,19.723,136,5.4
Gifted,en,19.714,2474,7.9
Primal Fear,en,19.705,1562,7.7
The King,en,19.703,1187,7.1
Shithouse,en,19.702,0,0
Insidious: Chapter 3,en,19.691,2111,6.2
Scary Movie,en,19.691,4002,6.2
Get the Gringo,en,19.683,951,6.5
Life of Pi,en,19.678,9605,7.3
Don't Let Them In,en,19.669,1,3
Kangaroo Jack,en,19.664,453,4.6
Ratsasan,ta,19.661,46,7.9
What Lies Beneath,en,19.66,1066,6.4
Romeo + Juliet,en,19.658,3167,6.8
Chinatown,en,19.647,2099,7.9
Fear and Loathing in Las Vegas,en,19.645,2743,7.2
Kung Fu Panda 2,en,19.636,4196,6.8
Mulholland Drive,en,19.62,3474,7.8
Bright,en,19.619,3689,6.2
The Conjuring,en,19.618,6837,7.5
Ocean's Thirteen,en,19.615,4019,6.7
National Treasure: Book of Secrets,en,19.611,3355,6.2
Vice,en,19.601,354,4.4
Candyman,en,19.596,656,6.4
The Sword in the Stone,de,19.586,2397,7.2
Edge of Tomorrow,en,19.584,9102,7.6
Unfinished Business,en,19.583,543,5.2
Isle of Dogs,en,19.582,2619,7.9
Who Am I?,cn,19.582,343,6.8
Star Trek: The Motion Picture,en,19.579,960,6.4
Death on the Nile,en,19.578,305,7
Bacurau,pt,19.575,370,8.2
Sausage Party,en,19.575,4818,5.6
Little Monsters,en,19.561,173,6.6
Cop Land,en,19.557,791,6.7
Lionheart,en,19.554,414,6.1
10 Days Without Mum,fr,19.545,28,6.5
Captain Underpants: The First Epic Movie,en,19.543,704,6
The Tourist,en,19.543,3643,6.2
The Lizzie McGuire Movie,en,19.537,761,6
No Good Deed,en,19.52,357,5.8
Oliver & Company,en,19.512,949,6.7
Lilo & Stitch,en,19.507,3655,7.4
American Pie Presents: The Naked Mile,en,19.503,1230,5.4
The Man from U.N.C.L.E.,en,19.5,3988,7.1
Mission: Impossible III,en,19.499,4087,6.6
Ice Age: Collision Course,en,19.495,2770,5.9
Pretty Baby,en,19.473,103,6.5
Pain and Glory,es,19.468,842,7.5
Creed II,en,19.464,2953,6.8
The Prince of Egypt,en,19.431,2292,7.1
Kubo and the Two Strings,en,19.427,2362,7.7
Superman: Red Son,en,19.425,180,7.4
Pocahontas,en,19.414,3755,6.9
A Beautiful Day in the Neighborhood,en,19.412,362,7.3
Atlantis: Milo's Return,en,19.407,459,5.6
The Big Short,en,19.406,5480,7.3
Unforgiven,en,19.405,2283,7.9
She's the Man,en,19.397,1763,6.6
Lemony Snicket's A Series of Unfortunate Events,en,19.396,3412,6.8
Sicario: Day of the Soldado,en,19.392,1700,6.7
The Flyboys,en,19.39,24,6.5
Source Code,en,19.387,5197,7.2
End of Days,en,19.387,966,5.7
Eternity,th,19.377,2,7.5
Dragonheart: Battle for the Heartfire,en,19.376,114,6.1
The Man with the Iron Fists,en,19.373,667,5.3
Super Mario Bros.,en,19.358,616,4.2
A Little Chaos,en,19.355,456,6.3
Casablanca,en,19.354,2992,8.1
"Sal¨°, or the 120 Days of Sodom",it,19.343,842,6.4
The Addams Family,en,19.343,2620,7
Interview with the Vampire,en,19.338,3396,7.3
The Impossible,en,19.327,4122,7.3
Addams Family Values,en,19.323,1514,6.7
Cloverfield,en,19.322,4576,6.5
Rio,en,19.318,4212,6.6
Miss Congeniality 2: Armed and Fabulous,en,19.307,1119,5.6
What We Do in the Shadows,en,19.306,1978,7.6
You Only Live Twice,en,19.306,1089,6.6
Fatherhood,en,19.305,0,0
Remember the Titans,en,19.298,1519,7.6
Coming to America,en,19.291,2199,6.7
Madagascar 3: Europe's Most Wanted,en,19.288,3883,6.5
Jack Reacher: Never Go Back,en,19.283,3086,5.7
Polar,en,19.281,1159,6.3
At Eternity's Gate,en,19.269,800,6.9
Wayne's World 2,en,19.268,579,6
Mean Girls,en,19.267,5492,7.1
Disobedience,en,19.265,525,6.9
Tron,en,19.265,1253,6.6
Moonlight,en,19.258,4654,7.4
Asterix and Cleopatra,fr,19.25,521,7
Kelly's Heroes,en,19.237,349,7.4
Melissa P.,it,19.235,328,4.1
A.I. Artificial Intelligence,en,19.23,3986,7
Insidious,en,19.229,4130,6.9
Con Air,en,19.219,2443,6.7
The Bourne Supremacy,en,19.218,4905,7.3
The Theory of Everything,en,19.215,7301,7.9
Fantastic Mr. Fox,en,19.212,2800,7.7
Kill Bill: The Whole Bloody Affair,en,19.209,488,8
Scary Movie 2,en,19.194,2755,5.7
TRON: Legacy,en,19.177,4843,6.4
Leaving Las Vegas,en,19.169,707,7.2
Little Children,en,19.149,479,7.2
The Idiots,da,19.138,262,6.6
Beauty Salon: Special Services,ko,19.132,0,0
The Tale of Despereaux,en,19.13,540,5.8
Hitman,en,19.125,1934,5.9
The Adventures of Sharkboy and Lavagirl,en,19.113,799,4.8
Teen Titans Go! To the Movies,en,19.105,486,7.1
The Aristocats,en,19.095,3248,7.3
Prince of Persia: The Sands of Time,en,19.095,4600,6.2
Planet of the Apes,en,19.093,1875,7.6
Treasure Planet,en,19.082,2334,7.4
Night Shift,fr,19.071,0,0
The Mechanic,en,19.065,1920,6.4
Brother Bear,en,19.062,3409,7.2
Equilibrium,en,19.061,2768,7
City of God,pt,19.056,3991,8.4
Resident Evil: Vendetta,ja,19.05,431,6.5
Kagemusha,ja,19.05,308,7.9
Real Steel,en,19.037,5151,6.8
Lupin the Third vs. Detective Conan: The Movie,ja,19.032,86,6.9
Gone with the Wind,en,19.03,2109,7.9
Police Academy,en,19.025,1409,6.6
Descendants,en,19.021,1402,6.9
18 Year Old Virgin,en,19.011,70,3.6
Mystic River,en,19.01,3712,7.7
Daddy's Home 2,en,19.006,1498,6.1
A Simple Favor,en,19.005,2424,6.6
Hairspray,en,19.004,1744,6.6
Season of Love,en,19,5,8.7
The Hunchback of Notre Dame II,en,18.99,478,5.3
Galaxy Quest,en,18.977,1270,7
The Breakfast Club,en,18.975,5059,7.8
Shooter,en,18.97,2703,7
In Time,en,18.969,7189,6.9
Sex and the City,en,18.969,1204,6.4
Green Lantern,en,18.968,4864,5.1
Possession,fr,18.964,380,7.4
I Still See You,en,18.962,332,6.7
The Exorcist,en,18.951,4551,7.6
Die Another Day,en,18.948,2110,5.9
The Cloverfield Paradox,en,18.936,1991,5.6
Neelakasham Pachakadal Chuvanna Bhoomi,ml,18.935,23,7.1
Basic Instinct,en,18.928,1860,6.8
The Great Hack,en,18.925,211,6.9
Cowboy Bebop: The Movie,ja,18.924,379,7.7
Hatchet,en,18.922,328,5.8
The Thing,en,18.921,3647,8
Descendants 2,en,18.92,952,7.3
The Skeleton Key,en,18.91,1195,6.5
The Homesman,en,18.906,451,6.5
The Mortal Instruments: City of Bones,en,18.898,3290,6.3
Forbidden Planet,en,18.885,467,7.3
The Twilight Saga: Breaking Dawn - Part 2,en,18.884,5850,6.3
Mr. Magorium's Wonder Emporium,en,18.879,799,6.2
Jennifer's Body,en,18.875,1982,5.5
Mamma Mia! Here We Go Again,en,18.873,2099,7.2
How to Be Really Bad,de,18.863,17,6.5
12 Strong,en,18.853,1616,5.8
Pom Poko,ja,18.852,433,7.2
Central Intelligence,en,18.85,3626,6.3
The Voyeur,it,18.848,84,4.4
The Sum of All Fears,en,18.847,858,6.2
Charlotte's Web,en,18.845,746,6
Grace of Monaco,en,18.844,405,6
We're the Millers,en,18.844,5934,6.8
Straight Outta Compton,en,18.839,2289,7.7
Magnum Force,en,18.836,512,7.2
Sleeping Beauty,en,18.835,3369,6.9
Witness,en,18.834,825,7.1
"Batman: The Dark Knight Returns, Part 2",en,18.825,812,7.9
Along Came a Spider,en,18.825,925,6.3
The Human Centipede (First Sequence),en,18.818,1118,4.9
Night Hunter,en,18.808,208,6.1
Deep Impact,en,18.793,1688,6.1
Dirty Harry,en,18.781,1236,7.5
Darkest Hour,en,18.779,3203,7.3
Left Behind,en,18.772,851,4.1
American Pie 2,en,18.77,3068,6.1
It,en,18.765,13037,7.2
When Marnie Was There,ja,18.764,792,7.9
You're Bacon Me Crazy,en,18.759,0,0
Bicentennial Man,en,18.757,2226,7.2
A Night at the Roxbury,en,18.754,385,6.1
Liar Liar,en,18.75,3333,6.6
Joseph: King of Dreams,en,18.746,529,6.4
Knowing,en,18.744,3154,6
"The Gangster, the Cop, the Devil",ko,18.741,101,7.2
D¨¦j¨¤ Vu,en,18.739,2877,6.8
Miss Americana,en,18.736,186,7.8
Thelma & Louise,en,18.726,1760,7.5
Aliens vs Predator: Requiem,en,18.725,1506,4.9
Mortdecai,en,18.72,1882,5.4
Austin Powers: International Man of Mystery,en,18.718,1995,6.5
Meet Joe Black,en,18.717,2659,7.1
Mary Poppins,en,18.705,3107,7.6
Epic,en,18.699,1849,6.4
Sex Weather,en,18.679,11,6
The Handmaiden,ko,18.679,1609,8.3
Outcast,en,18.671,262,4.8
Ice Age: Continental Drift,en,18.671,5140,6.3
Predators,en,18.67,2251,6.1
Annie,en,18.663,892,6.2
Dragon Ball Z: Battle of Gods,ja,18.658,834,6.6
Khilona Bana Khalnayak,en,18.654,2,6
The Marine,en,18.651,320,5.4
Highlander,en,18.648,1391,6.9
Jules and Jim,fr,18.64,439,7.8
The Man with the Golden Gun,en,18.627,1040,6.5
Planet of the Apes,en,18.622,2480,5.7
The Descent,en,18.619,2165,6.9
Dirty Dancing: Havana Nights,en,18.612,379,6.2
I Can Only Imagine,en,18.611,210,7.4
Careful What You Wish For,en,18.61,253,6
Diamonds Are Forever,en,18.61,1090,6.4
Red Joan,en,18.602,146,6.7
Blood Diamond,en,18.602,4520,7.5
My Little Pony: The Movie,en,18.592,178,6.8
Forever My Girl,en,18.59,548,7.4
For Your Eyes Only,en,18.588,941,6.5
Pok¨¦mon: Mewtwo Strikes Back - Evolution,ja,18.583,152,6.6
The Lego Batman Movie,en,18.582,3277,7.2
What Women Want,en,18.582,2409,6.3
Enemy of the State,en,18.576,2205,6.9
Dunkirk,en,18.574,10578,7.4
Senna,en,18.571,515,8.3
Moon,en,18.562,3545,7.6
Arlington Road,en,18.56,547,7.1
Christmas with the Kranks,en,18.557,535,5.7
Indiana Jones and the Kingdom of the Crystal Skull,en,18.557,5145,5.9
Moonrise Kingdom,en,18.554,3547,7.7
Hereafter,en,18.549,988,6
Lost in Translation,en,18.549,4090,7.4
You Don't Mess with the Zohan,en,18.547,2278,5.6
Godzilla,en,18.536,5734,6.1
Baywatch,en,18.533,5490,6.1
Anastasia,en,18.526,3623,7.6
Lucky Number Slevin,en,18.526,2560,7.5
Love & Other Drugs,en,18.525,2893,6.9
Catwoman,en,18.517,2103,4.4
Mother Theory,ko,18.51,1,7
Spy Kids,en,18.507,2143,5.7
Alexander,en,18.505,2076,5.8
The Da Vinci Code,en,18.501,5934,6.7
Isn't It Romantic,en,18.498,2384,6.2
12 Hour Shift,en,18.493,0,0
Child's Play,en,18.493,1479,6.5
Stolen,en,18.488,635,5.3
St. Trinian's,en,18.487,305,6
Invasion of the Body Snatchers,en,18.485,502,7.5
Striptease,en,18.48,436,4.8
American Made,en,18.479,2605,6.8
Trauma Center,en,18.471,70,5.2
Miss Peregrine's Home for Peculiar Children,en,18.471,6962,6.7
Friday the 13th Part VIII: Jason Takes Manhattan,en,18.47,478,4.8
Black Mass,en,18.468,2261,6.4
The Last Legion,en,18.467,473,5.4
Mile 22,en,18.461,1235,6.1
A Shaun the Sheep Movie: Farmageddon,en,18.456,109,7
Ace Ventura: Pet Detective,en,18.455,3582,6.5
Aladdin and the King of Thieves,en,18.444,1222,6.2
Rambo,en,18.442,2099,6.5
The Nun,en,18.439,3543,5.6
§¯§Ö§á§à§ã§â§Ö§Õ§ã§ä§Ó§Ö§ß§ß§à §¬§Ñ§ç§Ñ,ru,18.435,0,0
Forces of Nature,en,18.428,324,5.4
Kiss of the Dragon,en,18.423,577,6.6
The Con Is On,en,18.417,74,4.2
Billy Elliot,en,18.416,2359,7.6
Race to Witch Mountain,en,18.413,1007,5.6
Ghost,en,18.41,3299,7.1
Predator 2,en,18.407,1554,6
A Clockwork Orange,en,18.404,7983,8.2
The Postcard Killings,en,18.401,14,6.6
Ong Bak: Muay Thai Warrior,th,18.399,943,7
Breakfast at Tiffany's,en,18.397,2612,7.8
About Time,en,18.391,4770,7.9
Super,en,18.389,829,6.6
Where Eagles Dare,en,18.389,454,7.7
Battleship,en,18.387,3611,5.7
The Ballad of Buster Scruggs,en,18.378,2189,7.2
Overlord,en,18.372,1482,6.6
The High Note,en,18.37,0,0
Judy & Punch,en,18.365,7,7.1
The NeverEnding Story,en,18.362,2325,7.2
The Mummy: Tomb of the Dragon Emperor,en,18.362,2907,5.4
Hollow Point,en,18.361,9,5.3
"Planes, Trains and Automobiles",en,18.354,1052,7.2
Tank Girl,en,18.35,267,5.5
Juno,en,18.347,4721,7
Trinity Is Still My Name,it,18.338,476,7.5
Hero,zh,18.338,1249,7.5
Bandits,en,18.336,575,6.3
Johnny English Strikes Again,en,18.334,1363,6.2
Cinderella III: A Twist in Time,en,18.328,720,6.3
The Secret Life of Walter Mitty,en,18.325,5375,7.1
Mimic,en,18.324,509,5.9
Dark Places,en,18.321,837,5.9
A Good Year,en,18.319,855,6.6
Pitch Perfect,en,18.318,4732,7.3
Moonraker,en,18.316,1034,6.1
I Am Mother,en,18.311,1224,6.6
Memories of Murder,ko,18.301,1392,8.1
Blade,en,18.289,3587,6.6
The Hitchhiker's Guide to the Galaxy,en,18.289,2630,6.7
Willy Wonka & the Chocolate Factory,en,18.288,1921,7.5
Amadeus,en,18.28,2401,8
Dante's Peak,en,18.275,949,5.9
Thoroughbreds,en,18.273,521,6.3
Chungking Express,cn,18.273,614,8.1
Jason Bourne,en,18.272,3949,6.2
Dr. Strangelove or: How I Learned to Stop Worrying and Love the Bomb,en,18.272,3259,8.2
Tinker Bell and the Legend of the NeverBeast,en,18.271,570,7
Conan the Barbarian,en,18.271,1158,5.2
Horrible Bosses 2,en,18.256,2873,6.1
New York Minute,en,18.251,534,5.9
Priest,en,18.249,1336,5.6
The Golden Voyage of Sinbad,en,18.249,104,6.6
In the Heart of the Sea,en,18.241,2501,6.6
Hancock,en,18.232,6224,6.3
Triple Frontier,en,18.229,1687,6.2
Never Say Never Again,en,18.225,723,6.1
Ghost in the Shell,en,18.224,5729,6
Next,en,18.22,1801,5.9
The Adventures of Bullwhip Griffin,en,18.207,6,6.8
Miracle in Cell No. 7,tl,18.202,6,7.7
3 Days to Kill,en,18.2,1427,6
Blazing Saddles,en,18.194,1064,7.3
The Whole Nine Yards,en,18.18,1057,6.4
Home on the Range,en,18.155,1208,5.9
The Devil's Advocate,en,18.153,3224,7.4
Anita,en,18.141,0,0
Closer,en,18.14,1958,6.8
Legend,en,18.134,2002,6.9
Beverly Hills Cop,en,18.125,2214,7.1
The Lion King II: Simba's Pride,en,18.118,2790,6.9
Fractured,en,18.117,911,6.6
Snowden,en,18.114,2851,7.1
Tale of Tales,it,18.113,981,6.3
28 Weeks Later,en,18.107,2475,6.5
The Sound of Music,en,18.106,1928,7.7
Collateral,en,18.095,3010,7.2
The Descent: Part 2,en,18.092,584,5.9
Silver Linings Playbook,en,18.082,8515,7.1
101 Dalmatians II: Patch's London Adventure,en,18.064,689,5.9
Something Something¡­ Unakkum Enakkum,ta,18.06,16,6.6
Killer Elite,en,18.058,1250,6.2
Riddick,en,18.051,2745,6.2
Cocoon,en,18.045,682,6.5
On Her Majesty's Secret Service,en,18.045,944,6.5
High Tension,fr,18.043,651,6.7
Disconnect,en,18.042,751,7.1
The Witch,en,18.034,3627,6.7
The Legend of Tarzan,en,18.03,4517,5.8
The Messenger: The Story of Joan of Arc,en,18.029,825,6.3
Hachi: A Dog's Tale,en,18.024,4164,8
The Cabin in the Woods,en,18.014,4909,6.5
Patch Adams,en,18.012,1965,7.2
The Wild Bunch,en,18.003,592,7.7
American Pie Presents: Band Camp,en,17.995,1320,5.3
The Emoji Movie,en,17.991,1734,5.3
American Hustle,en,17.991,5042,6.8
The Aviator,en,17.991,3205,7.2
The Crow,en,17.989,2156,7.5
Burning,ko,17.975,599,7.4
Lone Survivor,en,17.965,2583,7.4
U.S. Marshals,en,17.963,844,6.4
Olaf's Frozen Adventure,en,17.958,967,6.2
Natural Born Killers,en,17.957,1927,7.1
Inside Llewyn Davis,en,17.955,1636,7.2
King Arthur,en,17.955,1684,6.2
Bean,en,17.955,1453,6.4
Battle Royale,en,17.954,0,0
Real Genius,en,17.944,212,6.8
Teen Beach 2,en,17.943,354,6.5
A Most Violent Year,en,17.932,891,6.6
Miami Vice,en,17.928,979,5.9
Downfall,de,17.922,2080,7.8
Klaus,en,17.92,1513,8.3
Survival Island,en,17.914,90,4.4
Vera,en,17.911,0,0
Lethal Weapon 3,en,17.91,1634,6.6
For a Few Dollars More,it,17.909,2110,8
The Help,en,17.906,4535,8.1
The Seventh Seal,sv,17.903,1454,8.2
Enough Said,en,17.9,501,6.7
Fifty Shades Darker,en,17.897,4993,6.2
The Hunchback of Notre Dame,en,17.897,3167,7
Paprika,it,17.883,85,5.9
He's Just Not That Into You,en,17.877,2319,6.4
Daredevil,en,17.875,3249,5.1
Unleashed,en,17.871,1076,6.7
Harriet,en,17.867,170,6.8
The Professor and the Madman,en,17.864,406,7.2
Coyote Ugly,en,17.864,1211,6.1
True Romance,en,17.864,1497,7.5
Sinbad: Legend of the Seven Seas,en,17.862,1131,6.8
Van Helsing,en,17.853,3520,6.1
Asterix & Obelix: Mission Cleopatra,fr,17.851,2068,7.4
The Lion King 1?,en,17.846,1925,6.5
One Day,en,17.845,2417,7.2
3:10 to Yuma,en,17.842,2128,7.1
Cake,en,17.841,633,6.3
The Fog,en,17.84,703,6.6
Honeydew,en,17.831,0,0
Sex Drive,en,17.831,676,6.1
Up in Smoke,en,17.83,322,6.8
Hellboy,en,17.823,4622,6.6
Emmanuelle II,fr,17.815,42,5.3
The Social Network,en,17.81,7179,7.3
Scary Movie 3,en,17.81,2432,5.9
The Island,en,17.809,3451,6.6
Ida,pl,17.808,537,7.3
John Wick: Chapter 4,en,17.804,0,0
Face/Off,en,17.804,3054,6.9
What Happened to Monday,en,17.802,3988,7.2
Cloudy with a Chance of Meatballs,en,17.8,3787,6.5
Giant Little Ones,en,17.798,81,7.6
The ComDads,fr,17.795,206,6.5
Palm Trees in the Snow,es,17.793,287,7.4
The Karate Kid,en,17.787,2061,7
The Core,en,17.785,959,5.6
Arthur and the Revenge of Maltazard,en,17.783,1127,5.6
The Wailing,ko,17.779,717,7.3
Hostel,en,17.779,2117,5.8
Tombstone,en,17.778,1071,7.5
Pompeii,en,17.777,2324,5.4
Mad Max 2,en,17.774,1965,7.4
Starship Troopers 3: Marauder,en,17.77,246,4.5
Tong Tatlong Tatay Kong Pakitong Kitong,en,17.769,0,0
Apocalypto,en,17.769,2773,7.4
The Battle of Algiers,it,17.767,347,8
Labyrinth,en,17.764,1285,7.2
Chocolat,en,17.758,2132,6.9
Scooby-Doo 2: Monsters Unleashed,en,17.755,1514,5.7
RoboCop 2,en,17.746,952,5.8
Poissonsexe,fr,17.743,1,5
The Nightmare Before Christmas,en,17.743,5523,7.8
The Peacemaker,en,17.742,522,5.9
Outlander,en,17.741,650,6.2
What's Eating Gilbert Grape,en,17.74,2221,7.6
50 First Dates,en,17.736,4676,6.8
Speed,en,17.733,3555,7
The League of Extraordinary Gentlemen,en,17.713,2476,5.9
Captain Phillips,en,17.705,4377,7.6
Case 39,en,17.705,1330,6.2
Love and Death,en,17.703,453,7.7
LEGO Jurassic World: The Indominus Escape,en,17.702,41,5.9
Parker,en,17.698,2029,5.8
Fist of Fury,zh,17.691,432,7.4
The Hedgehog,fr,17.69,213,7.2
Resident Evil,en,17.685,3920,6.5
The Hurt Locker,en,17.684,3498,7.3
The Giver,en,17.683,3404,6.5
Boomerang,en,17.683,301,5.5
Blade: Trinity,en,17.68,2358,5.8
The Mad Adventures of Rabbi Jacob,fr,17.676,543,7.3
Hotel Transylvania,en,17.66,5737,6.9
Apollo 18,en,17.658,565,5
Superman Returns,en,17.658,2687,5.6
Kiss Kiss Bang Bang,en,17.651,1607,7.2
Insidious: The Last Key,en,17.645,1585,6.1
Ender's Game,en,17.645,3941,6.6
2 Guns,en,17.642,2636,6.5
The Fittest,en,17.632,0,0
Surf's Up,en,17.63,1470,6.2
Stealth,en,17.602,577,5.1
The Living Daylights,en,17.602,884,6.4
Police Story,cn,17.601,322,7.4
Eden Lake,en,17.599,895,6.8
Final Destination,en,17.599,3201,6.5
Early Man,en,17.594,411,6
Scream 4,en,17.59,1859,6.2
Black Snake Moan,en,17.588,469,6.8
Hellboy II: The Golden Army,en,17.586,3276,6.7
Monsters vs Aliens,en,17.584,2961,6.1
Changeling,en,17.584,2416,7.5
Jessabelle,en,17.583,495,5.3
Sathyam Paranja Viswasikkuvo ?,ml,17.576,3,4.3
Puss in Boots,en,17.567,1769,6.3
I Lost,en,17.566,0,0
Return to Never Land,en,17.563,887,6.2
Serenity,en,17.556,2187,7.4
Son of God,en,17.555,143,6.5
Seven Samurai,ja,17.552,1783,8.4
Rob Roy,en,17.55,311,6.7
Rush Hour,en,17.549,2621,6.9
AVP: Alien vs. Predator,en,17.538,2521,5.7
How the West Was Won,en,17.536,200,7.2
Meet the Fockers,en,17.536,3050,6.2
Captain America: The First Avenger,en,17.535,14432,6.9
Starship Troopers: Invasion,en,17.527,214,5.7
Life of Crime,en,17.526,224,5.6
Mamma Mia!,en,17.524,4282,6.9
EuroTrip,en,17.524,1413,6.5
Sparrows,is,17.523,19,6.8
An Unfinished Life,en,17.521,309,6.7
What to Expect When You're Expecting,en,17.515,1295,6
Looper,en,17.512,7353,6.8
Cheaper by the Dozen,en,17.511,1796,6.2
Hard Rain,en,17.501,373,5.7
Ghost in the Shell,ja,17.501,1693,7.9
Saw II,en,17.501,3092,6.5
The Art of Self-Defense,en,17.497,210,6.6
Escape from New York,en,17.479,1619,7.1
Vampire Academy,en,17.475,1136,6
8MM,en,17.471,1001,6.3
Out of Africa,en,17.469,736,7.3
Mr. Holmes,en,17.468,1245,6.5
Safe,en,17.465,1424,6.3
Saw IV,en,17.463,2152,6.1
Must Love Dogs,en,17.458,284,5.9
Newness,en,17.453,322,5.9
The Texas Chainsaw Massacre: The Beginning,en,17.452,967,5.9
Phantom Thread,en,17.439,1982,7.3
Last Action Hero,en,17.439,1472,6.3
21 Jump Street,en,17.438,7258,6.8
Scream,en,17.433,3426,7.2
Buffalo Soldiers,en,17.429,154,6.4
Suicide Kings,en,17.426,147,6.6
The Mountain Between Us,en,17.422,1416,6.5
The King's Speech,en,17.411,5790,7.7
The Jackal,en,17.41,1051,6.3
The Curse of La Llorona,en,17.405,1060,5.6
Robin Hood,en,17.401,2797,7.3
The Package,en,17.392,657,5.8
The Illusionist,en,17.392,3117,7.3
Miss Congeniality,en,17.391,2305,6.4
Every Day,en,17.386,1340,7
Young Guns II,en,17.384,289,6.5
Insomnia,en,17.384,2632,6.9
The Bourne Legacy,en,17.383,3976,6.1
No Strings Attached,en,17.378,3057,6.2
All the Money in the World,en,17.376,1394,6.4
Monster-in-Law,en,17.374,997,6
Heavenly Creatures,en,17.37,532,7.1
Accident Man,en,17.368,187,5.3
Goosebumps 2: Haunted Halloween,en,17.362,670,5.7
The Royal Tenenbaums,en,17.347,2653,7.5
Cop Out,en,17.346,908,5.4
Otherhood,en,17.329,239,6.1
Spellbound,en,17.329,410,7.5
Friends with Benefits,en,17.327,5362,6.6
The Art of War,en,17.315,270,5.7
Wonder Woman 1984,en,17.314,0,0
Alvin and the Chipmunks: The Road Chip,en,17.309,991,5.9
Sand Castle,en,17.303,422,6.4
From Dusk Till Dawn,en,17.303,3559,7
The Blind Side,en,17.3,3370,7.5
Starsky & Hutch,en,17.297,1419,5.8
The Dirty Dozen,en,17.297,603,7.7
Black Rain,en,17.286,532,6.5
Money Talks,en,17.284,174,5.9
Cats & Dogs,en,17.281,974,5.3
How the Grinch Stole Christmas,en,17.281,4223,6.6
If I Stay,en,17.28,3069,7.4
The Blues Brothers,en,17.278,2394,7.7
Focus,en,17.273,4859,6.8
S. Darko,en,17.27,245,3.9
Drillbit Taylor,en,17.27,587,5.6
SarCar Ki Seva Mei,hi,17.268,0,0
The Age of Adaline,en,17.265,4314,7.4
The Iron Giant,en,17.263,3270,7.8
The Game Plan,en,17.259,1163,6.3
Tinker Bell and the Pirate Fairy,en,17.258,594,6.7
In the Line of Fire,en,17.258,789,6.9
Mad Max Beyond Thunderdome,en,17.258,1537,6.1
Tell It to the Bees,en,17.247,67,6.5
Rocky III,en,17.247,2269,6.8
St. Vincent,en,17.242,1199,7.1
Jackie Brown,en,17.242,3720,7.3
Pok¨¦mon 3: The Movie - Spell of the Unown,ja,17.236,345,6.3
The Lego Movie 2: The Second Part,en,17.235,1010,6.6
Lara Croft: Tomb Raider,en,17.232,4204,5.8
The Turning,en,17.231,56,5.7
"See No Evil, Hear No Evil",en,17.229,515,6.7
Contact,en,17.226,2513,7.3
Beverly Hills Cop II,en,17.226,1290,6.4
Hackers,en,17.219,712,6.3
Falling Inn Love,en,17.214,587,6.5
Killers,en,17.209,1498,5.8
Anna Karenina,en,17.207,1495,6.7
The Punisher,en,17.207,1584,6.2
Butch Cassidy and the Sundance Kid,en,17.202,1221,7.6
Mr. Peabody & Sherman,en,17.2,1537,6.7
Dark Shadows,en,17.197,4824,5.9
Law of Desire,es,17.191,118,7.5
Disturbia,en,17.188,2167,6.6
On the Basis of Sex,en,17.183,463,7.4
WarGames,en,17.176,982,7.1
"I, Tonya",en,17.172,3534,7.5
Hedwig and the Angry Inch,en,17.172,174,7.8
RoboCop,en,17.161,2824,7.2
Marvel One-Shot: The Consultant,en,17.16,242,6.5
Playing with Fire,en,17.159,195,6.6
Rendition,en,17.153,395,6.5
Gun-shy,de,17.151,6,7
Hot Bot,en,17.141,133,4.1
The Scorpion King 2: Rise of a Warrior,en,17.141,343,4.3
Stitch! The Movie,en,17.135,381,6.4
Spy,en,17.133,4284,6.8
Frequency,en,17.133,958,7.1
Austin Powers in Goldmember,en,17.132,1978,5.9
Bridget Jones's Diary,en,17.132,3194,6.7
Sing Street,en,17.129,1392,8
Warrior,en,17.127,2507,7.8
Rocco,en,17.126,110,5.7
Concussion,en,17.126,1670,7.1
The Tale of the Princess Kaguya,ja,17.123,805,8.1
The Forbidden Kingdom,en,17.121,926,6.4
Step Up,en,17.116,2553,6.8
Amityville: The Awakening,en,17.109,675,5.4
Maggie,en,17.108,1070,5.3
Rambo III,en,17.103,1635,6
Demolition Man,en,17.099,1994,6.5
Poseidon,en,17.098,1204,5.7
My Own Private Idaho,en,17.097,555,7.1
Memoirs of a Geisha,en,17.088,1541,7.6
Dave,en,17.084,397,6.5
High School Musical,en,17.083,3118,6.5
Elizabeth: The Golden Age,en,17.075,738,6.7
Horrible Histories: The Movie - Rotten Romans,en,17.072,24,4.7
Eagle Eye,en,17.068,1800,6.4
Letters from Iwo Jima,en,17.066,1133,7.5
Puss in Boots: The Three Diablos,en,17.063,248,6.5
Block Z,tl,17.06,3,7
Delusions of Grandeur,fr,17.059,365,7.6
The Bridge on the River Kwai,en,17.058,1075,7.9
Wrong Turn,en,17.057,1362,6.2
Bride of Chucky,en,17.052,874,5.7
Cellular,en,17.045,1103,6.3
The Key,it,17.04,129,5
Free Fall,de,17.039,425,7.6
Soldier,en,17.037,389,6.1
Casper,en,17.031,2935,6.2
Kick-Ass,en,17.027,8360,7.1
Chronicle,en,17.024,3407,6.7
Doctor Dolittle,en,17.023,1920,5.6
Godzilla,en,17.023,2287,5.5
District 9,en,17.018,6131,7.4
Eli,en,17.017,587,5.9
Meet the Robinsons,en,17.008,1723,6.8
Insidious: Chapter 2,en,17.006,2599,6.6
The Immortal,it,17.005,140,7.2
Can You Hear Us Now?,en,17.004,0,0
Slaughterhouse Rulez,en,17.004,133,5.7
A Serbian Film,sr,16.995,950,5.5
The Lobster,en,16.994,3550,7
All Things Fair,sv,16.993,52,6.4
The Jungle Book 2,en,16.993,717,5.8
The English Patient,en,16.992,1165,7.2
What Men Want,en,16.979,637,5.9
Shoplifters,ja,16.978,860,8
Kin,en,16.978,429,6.1
Byzantium,en,16.978,523,6.3
Rush,en,16.978,4437,7.7
Tropic Thunder,en,16.975,3618,6.5
John Carter,en,16.974,3730,6.2
KonoSuba: God's Blessing on this Wonderful World! Legend of Crimson,ja,16.963,33,8.6
The Proposal,en,16.963,3939,7
The Good Shepherd,en,16.958,622,6.4
National Lampoon's Vacation,en,16.957,791,7.1
The Wing or the Thigh,fr,16.957,453,7.2
The Man in the Iron Mask,en,16.956,2408,6.5
"Where'd You Go, Bernadette",en,16.952,138,6.5
"Roman J. Israel, Esq.",en,16.951,617,6.3
Wild,en,16.946,1607,7
Enter the Dragon,en,16.942,942,7.4
The Lost City of Z,en,16.939,1658,6.2
The Hunt for Red October,en,16.934,1780,7.4
Not Another Teen Movie,en,16.933,1073,5.5
Scream 3,en,16.933,1706,5.9
Three Steps Above Heaven,es,16.932,1163,7.5
The Grinch,en,16.931,1570,6.5
Night at the Museum: Battle of the Smithsonian,en,16.927,4653,6.1
Click,en,16.926,4545,6.1
The Passion of the Christ,en,16.918,2068,7.1
The Upside,en,16.912,550,7.1
Good Sister-In-Law - Forbidden Love,ko,16.91,3,7.7
Non-Stop,en,16.91,3638,6.8
Before Sunrise,en,16.91,2133,7.9
Behind the Candelabra,en,16.909,506,6.7
Magic Mike XXL,en,16.898,1240,6.2
Star Wars: The Clone Wars,en,16.891,990,5.9
"Synecdoche, New York",en,16.891,680,7.6
Elle,fr,16.887,1149,6.7
Big Trouble in Little China,en,16.885,1581,7.2
The Truth,fr,16.882,65,6.2
The Layover,en,16.881,418,5.1
Happy Feet,en,16.88,3251,6
Das Boot,de,16.874,1117,8.1
A Perfect Murder,en,16.869,689,6.4
"Love, Simon",en,16.866,3886,8.1
Pretty Little Stalker,en,16.862,2,4.5
The Man with the Iron Heart,en,16.86,370,6.5
I Spit on Your Grave III: Vengeance is Mine,en,16.857,451,5.3
In the Mood for Love,cn,16.856,1026,8.1
Let Me In,en,16.85,1203,6.7
Starship Troopers 2: Hero of the Federation,en,16.848,295,3.9
Dumb and Dumber To,en,16.84,2093,5.5
Journey to the Center of the Earth,en,16.837,3090,5.9
La Haine,fr,16.837,1857,8.1
The Gendarme and the Creatures from Outer Space,fr,16.831,343,6.2
BURN¡¤E,en,16.829,422,7.7
Ghost Rider,en,16.825,3706,5.4
Barbie and the Magic of Pegasus 3-D,en,16.823,356,6.9
Spy Kids 3-D: Game Over,en,16.811,1322,5
The Last Boy Scout,en,16.811,968,6.7
Nine 1/2 Weeks,en,16.81,455,6
Quarantine,en,16.808,740,5.7
Good Boys,en,16.802,730,6.6
Wizards of Waverly Place: The Movie,en,16.799,961,6.4
Crank: High Voltage,en,16.794,1648,6
Johnny English,en,16.79,2067,6.2
"10,000 BC",en,16.786,1896,5.3
TMNT,en,16.785,634,5.9
"Honey, I Shrunk the Kids",en,16.78,1780,6.2
La Bamba,en,16.778,291,6.9
The Pacifier,en,16.777,1913,6
Stonehearst Asylum,en,16.776,813,6.8
Booksmart,en,16.775,1020,7.2
Enchanted,en,16.775,3639,6.7
Hard to Kill,en,16.774,302,5.8
Big,en,16.772,2114,7
The Sacred Riana: Beginning,id,16.767,0,0
Raging Bull,en,16.764,2283,8
Extinction,en,16.754,1002,5.9
A Knight's Tale,en,16.754,1883,6.8
The Aeronauts,en,16.751,351,6.8
The Hunger Games,en,16.75,15976,7.1
White House Down,en,16.749,3154,6.4
Top Gun: Maverick,en,16.744,0,0
Scooby-Doo! and the Curse of the 13th Ghost,en,16.743,64,7.4
"Lock, Stock and Two Smoking Barrels",en,16.74,3766,8.1
A Nightmare on Elm Street,en,16.739,1666,5.5
Horton Hears a Who!,en,16.738,2039,6.3
Yes Man,en,16.733,4127,6.6
Bridge to Terabithia,en,16.721,2847,7.2
Ang Pangarap Kong Holdap,tl,16.717,2,1.5
Penelope,en,16.717,939,6.6
Munich,en,16.717,1457,7.1
The Kid Who Would Be King,en,16.716,387,6
Fatal Attraction,en,16.71,723,6.8
Rush Hour 2,en,16.71,2264,6.6
Inferno,en,16.709,4310,5.9
Hunter Killer,en,16.707,960,6.4
13 Going on 30,en,16.706,3204,6.6
27 Dresses,en,16.706,2197,6.3
Summerland,en,16.699,0,0
Queen of Hearts,da,16.696,52,7.3
The Thin Red Line,en,16.69,1645,7.4
Jan Dara: The Beginning,th,16.688,9,6.2
The Hate U Give,en,16.684,1018,8.3
Time Bandits,en,16.68,497,6.7
The Final Cut,en,16.674,375,6.1
The Parent Trap,en,16.674,2155,7
Octopussy,en,16.673,1023,6.3
Starship Troopers,en,16.673,2787,6.9
Tales from Earthsea,ja,16.672,675,6.6
The Accidental Husband,en,16.666,360,5.5
Robin Hood,en,16.664,2931,6.3
Rat Race,en,16.663,1045,6.1
The Wedding Date,en,16.658,647,6.6
The Time Machine,en,16.657,1257,5.9
School of Rock,en,16.654,3417,7
The Red Pill,en,16.649,100,7.7
Dennis the Menace,en,16.645,803,5.6
Brother Bear 2,en,16.645,867,6.6
Wild Things,en,16.639,893,6.3
Camp Rock 2: The Final Jam,en,16.629,1033,6.2
Lethal Weapon 2,en,16.629,2028,6.9
Signs,en,16.627,3354,6.6
Welcome to Marwen,en,16.624,597,6.5
The Quick and the Dead,en,16.619,920,6.4
Cool Runnings,en,16.611,1116,7
Empire of the Sun,en,16.586,1005,7.5
Eastern Promises,en,16.579,1833,7.3
Teenage Mutant Ninja Turtles: Out of the Shadows,en,16.575,2084,5.9
9,en,16.572,2219,6.8
Red Heat,en,16.569,750,6
The Hangover Part II,en,16.566,7026,6.4
Bring It On: Worldwide #Cheersmack,en,16.565,124,5.7
Shaft,en,16.564,833,6.5
Batman: Mystery of the Batwoman,en,16.562,191,6.7
Duplicity,en,16.558,406,5.9
Fantasia,en,16.558,1773,7.4
Mowgli: Legend of the Jungle,en,16.557,1706,6.6
The Crucifixion,en,16.553,249,5.4
The Outlaw Josey Wales,en,16.552,569,7.5
"Legally Blonde 2: Red, White & Blonde",en,16.552,894,5.5
Day & Night,en,16.541,504,7.7
Charlie's Angels: Full Throttle,en,16.539,1948,5.4
Underworld,en,16.539,4252,6.7
Romance,fr,16.537,108,5.3
Universal Soldier,en,16.535,799,6
3 Men and a Little Lady,en,16.533,284,5.5
Two Weeks Notice,en,16.533,1149,6.3
Taxi,fr,16.533,1400,6.6
Seeking Justice,en,16.53,614,5.9
Barry Lyndon,en,16.53,1391,8
The Happening,en,16.528,1970,5.1
A Dog's Purpose,en,16.521,1816,7.4
Mirrors,en,16.519,1043,6.1
Blow Out,en,16.517,609,7.4
The Post,en,16.515,2982,7
The Vow,en,16.514,2720,7.1
The Quiet,en,16.513,132,6.1
Spy Kids: All the Time in the World,en,16.51,589,4.7
True Lies,en,16.509,2287,6.9
Rear Window,en,16.505,3481,8.3
Sublet,en,16.502,0,0
Predestination,en,16.501,3857,7.4
The Girl with the Dragon Tattoo,sv,16.5,1825,7.5
Jack Ryan: Shadow Recruit,en,16.498,1907,6.1
A Walk to Remember,en,16.498,2491,7.6
Step Up 2: The Streets,en,16.494,1556,6.6
In Her Shoes,en,16.49,811,6
Wrong Turn 2: Dead End,en,16.488,648,5.7
This Is the End,en,16.486,4259,6.2
Wild Orchid,en,16.484,117,4.8
Les Mis¨¦rables,en,16.483,3706,7.4
24 Hours to Live,en,16.481,361,5.7
Dirty Dancing,en,16.48,284,5.4
Paycheck,en,16.48,1064,6.1
Gremlins,en,16.477,3896,7.1
Judy,en,16.472,383,6.9
The Place Beyond the Pines,en,16.472,3121,6.9
Looking for Richard,en,16.468,77,6.9
The Invisible Man,en,16.464,340,7.5
Joy,en,16.461,3007,6.5
Don't Be a Menace to South Central While Drinking Your Juice in the Hood,en,16.461,431,6.2
The Invisible Boy,it,16.457,639,6.1
The Princess and the Frog,en,16.457,3223,7
Carbone,fr,16.454,213,6.9
Wedding Crashers,en,16.454,2820,6.4
The Saint,en,16.453,150,5.2
Free Solo,en,16.451,599,8
The Longest Day,en,16.451,504,7.6
Blue Ruin,en,16.45,852,6.8
Spy Intervention,en,16.447,8,5.5
Ghosts of Mars,en,16.443,583,5
Hook,en,16.443,3412,6.9
Manchester by the Sea,en,16.441,3687,7.5
The Little Mermaid,en,16.437,611,5
Dogtooth,el,16.437,942,7.2
"Good Night, and Good Luck.",en,16.433,531,7.1
Christopher Robin,en,16.43,1707,7.4
Love Actually,en,16.43,4130,7.1
The Counselor,en,16.429,1202,5.1
I Want You,es,16.428,769,6.8
Normal,en,16.42,7,5.3
Mr. Nobody,en,16.412,3857,7.9
High School Musical 3: Senior Year,en,16.412,2432,6.5
The Dead Pool,en,16.409,412,6.4
White Chicks,en,16.407,1944,6.8
Dead Ringers,en,16.404,401,7.2
The Human Centipede 2 (Full Sequence),en,16.402,709,4.5
Flatliners,en,16.402,873,6.4
Sleepers,en,16.397,1665,7.5
Rurouni Kenshin: Kyoto Inferno,ja,16.396,197,7.7
Into the Blue,en,16.388,922,5.8
Easy A,en,16.387,4778,6.8
The Adjustment Bureau,en,16.385,2942,6.7
Fish Tank,en,16.384,479,7
Top Gun,en,16.384,3680,6.9
Walk the Line,en,16.38,1637,7.5
Climax,fr,16.379,757,7.1
Sherlock Gnomes,en,16.366,431,5.5
The Purity of Vengeance,da,16.365,191,7.3
Green Street Hooligans,en,16.365,1416,7.2
Invictus,en,16.363,2500,7.2
Dirty Rotten Scoundrels,en,16.358,423,7.1
Speed 2: Cruise Control,en,16.357,915,4.4
Pet Sematary II,en,16.356,243,5.2
The Girl on the Train,en,16.348,3969,6.3
The Rock,en,16.347,2653,7
Deadgirl,en,16.343,198,5.4
Tarzan & Jane,en,16.335,349,5.8
Turner & Hooch,en,16.333,683,6.2
Dirty Grandpa,en,16.329,2981,5.8
Scooby-Doo,en,16.329,2358,5.7
American Gangster,en,16.328,3129,7.6
Hummingbird,en,16.319,954,6
Undisputed,en,16.314,314,6.4
Brokeback Mountain,en,16.314,3954,7.8
Dragon Ball Z: Resurrection 'F',ja,16.313,796,6.7
Babel,en,16.312,2212,7.1
Snow White and the Huntsman,en,16.306,5834,5.9
The 13th Warrior,en,16.302,993,6.5
Ocean Waves,ja,16.3,254,6.3
Soul Plane,en,16.3,207,4.8
K-19: The Widowmaker,en,16.294,530,6.4
Camp Rock,en,16.29,1407,6.4
Barely Lethal,en,16.286,662,5.7
Pandorum,en,16.286,1397,6.5
Tears of the Sun,en,16.281,1153,6.6
Mac & Devin Go to High School,en,16.272,183,5.5
National Lampoon's European Vacation,en,16.265,447,6.1
Bully,en,16.265,237,6.6
The Mummy,en,16.26,4991,5.5
The Fighter,en,16.257,2681,7.3
Z-O-M-B-I-E-S,en,16.25,225,7.4
Battle: Los Angeles,en,16.248,2275,5.6
How to Lose a Guy in 10 Days,en,16.243,2125,6.6
Under the Skin,en,16.241,2073,6.1
Nosferatu,de,16.241,953,7.7
Alvin and the Chipmunks,en,16.234,2865,5.7
Being John Malkovich,en,16.233,2461,7.4
Small Soldiers,en,16.23,1159,6.3
The Accused,en,16.23,271,7.1
Inside Man,en,16.222,3371,7.4
Babumoshai Bandookbaaz,hi,16.22,17,6.4
The Lovely Bones,en,16.217,2645,6.9
?on Flux,en,16.216,1289,5.5
Go!,en,16.211,78,6.7
"Murder, She Baked: A Chocolate Chip Cookie Mystery",en,16.21,40,7.3
Bringing Out the Dead,en,16.207,490,6.7
For Love or Money,en,16.206,2,8
The One,en,16.206,834,5.9
The Messenger,en,16.205,236,6.7
Everest,en,16.198,3231,6.8
Barbie in The 12 Dancing Princesses,en,16.198,505,7.5
101 Dalmatians,en,16.197,2030,5.8
"20,000 Leagues Under the Sea",en,16.196,393,7
Secret of the Wings,en,16.185,659,6.9
Escape Room,en,16.176,329,4.7
Starstruck,en,16.174,760,6.8
Back to the Future Part III,en,16.171,6359,7.4
Paddington 2,en,16.17,1112,7.5
Spirit: Stallion of the Cimarron,en,16.168,2532,7.7
First Reformed,en,16.161,641,7
American Pastoral,en,16.16,413,6.1
The Longest Yard,en,16.156,1851,6.4
High Fidelity,en,16.154,1157,7.2
13,en,16.152,448,5.8
The Professor,en,16.145,407,6.8
DragonHeart: A New Beginning,en,16.145,175,5.5
Hitman: Agent 47,en,16.143,1934,5.7
Phone Booth,en,16.142,2158,6.8
Elysium,en,16.14,5999,6.4
Whisper of the Heart,ja,16.139,780,7.9
True Grit,en,16.138,3290,7.3
Down a Dark Hall,en,16.137,366,5.4
Lincoln,en,16.136,2517,6.8
Nine Dead,en,16.136,148,5.1
Deep Blue Sea 2,en,16.134,226,4.5
Won't You Be My Neighbor?,en,16.133,280,8.3
The Silence,en,16.132,582,5.7
The Black Cauldron,en,16.131,653,6.5
The Saint,en,16.13,616,6
The Last Stand,en,16.126,1864,5.9
Nights in Rodanthe,en,16.126,359,6.2
Eliminators,en,16.125,73,5.8
Robin Hood: Prince of Thieves,en,16.123,1914,6.8
Tinker Bell and the Lost Treasure,en,16.118,571,6.6
Dune,en,16.118,1195,6.4
Never Grow Old,en,16.115,68,6.1
Back to the Future Part II,en,16.115,7986,7.7
The Smurfs,en,16.114,2455,5.7
The Lucky One,en,16.113,2302,7
Regression,en,16.105,1230,5.5
Ninja Scroll,ja,16.104,238,7.6
Flags of Our Fathers,en,16.104,1048,6.8
Step Up All In,en,16.102,1377,6.8
Mary Queen of Scots,en,16.101,958,6.6
Thirst,ko,16.097,402,7.1
Hugo,en,16.092,4756,7.1
Ilsa: She Wolf of the SS,en,16.092,87,5
White Men Can't Jump,en,16.087,643,6.5
Operation Red Sea,zh,16.086,74,6.7
Ouija,en,16.083,1879,5.1
The Big Boss,zh,16.083,336,7.3
The Hole in the Ground,en,16.081,272,5.5
White Fang,en,16.08,313,6.6
Child's Play,en,16.077,843,6
Kit Kittredge: An American Girl,en,16.076,85,6.3
Notting Hill,en,16.073,3482,7.2
Foxcatcher,en,16.066,1576,6.7
Gangster Squad,en,16.065,2814,6.3
Here Comes the Boom,en,16.061,900,6.1
Carol,en,16.06,2304,7.4
Bloodsport,en,16.059,832,6.8
The Grudge 2,en,16.055,604,5.4
Death Race: Inferno,en,16.053,420,5.5
The Other Man,en,16.051,123,5.2
The Bank Job,en,16.051,1264,6.8
Just Like Heaven,en,16.045,1398,6.8
Z-O-M-B-I-E-S 2,es,16.043,55,8.4
The Day the Earth Stood Still,en,16.041,2005,5.4
Footloose,en,16.029,1071,6.6
I Am Sam,en,16.029,1220,7.5
Saw VI,en,16.026,1807,6.2
Original Sin,en,16.02,450,5.9
Naked Gun 33?: The Final Insult,en,16.017,1121,6.5
Ferris Bueller's Day Off,en,16.016,2834,7.6
Scream 2,en,16.015,1964,6.3
Snatched,en,16.014,551,5.3
The Bounty Hunter,en,16.012,1886,5.8
The Village,en,16.012,2444,6.4
Garfield: A Tail of Two Kitties,en,16.01,1247,5.3
Eighth Grade,en,16.008,741,7.4
How It Ends,en,16.005,1141,5.1
Ghostbusters II,en,16.005,2475,6.4
In the House,fr,16.002,477,7.3
Entourage,en,16.001,687,6.2
The Prince & Me,en,15.996,639,6.1
Police Story 3: Super Cop,cn,15.995,215,6.7
Orgazmo,en,15.994,215,6
The Sisters Brothers,en,15.993,1003,6.9
Children of Men,en,15.988,4218,7.6
Mad Max,en,15.98,2459,6.7
Superbad,en,15.98,4134,7.1
We Own the Night,en,15.98,735,6.7
Eggnoid,id,15.979,1,6
Tinker Bell,en,15.977,824,6.6
The Way of the Dragon,cn,15.977,512,7.4
Crazy Rich Asians,en,15.976,1976,7.1
The Ugly Truth,en,15.975,2295,6.4
Wild at Heart,en,15.971,777,7.1
Underworld: Rise of the Lycans,en,15.968,2405,6.4
Closed Circuit,en,15.967,270,6
Cocktail,en,15.966,755,6
The Mummy Returns,en,15.959,4453,6.2
Conan the Destroyer,en,15.956,795,6
Once Upon a Time in Mexico,en,15.956,1238,6.3
That Awkward Moment,en,15.954,1945,6.1
Lord of War,en,15.952,2632,7.2
The Apartment,fr,15.95,94,6.9
The Great Escape,en,15.95,1408,8
History of the World: Part I,en,15.949,391,6.7
Ted,en,15.945,8577,6.3
Nerve,en,15.942,5138,7.1
Sabotage,en,15.942,863,5.5
The Ring,en,15.93,3770,6.6
Good Time,en,15.925,1161,7.2
Playing It Cool,en,15.919,479,5.9
The Haunting,en,15.918,291,7.3
Ballerina,en,15.915,1235,7.2
Raw,fr,15.914,1677,7.1
Sabrina,en,15.914,666,7.6
High Plains Drifter,en,15.913,551,7.5
The Host,ko,15.903,1271,6.9
Cold Mountain,en,15.9,1061,6.9
Last Tango in Paris,it,15.899,649,7.1
Money Monster,en,15.898,2107,6.4
48 Hrs.,en,15.897,761,6.6
The Dirt,en,15.89,513,7.3
The Nut Job 2: Nutty by Nature,en,15.889,244,5.8
Cinderella Man,en,15.889,1282,7.5
Employee of the Month,en,15.887,343,5.4
Wild Wild West,en,15.882,2102,5.3
Grown Ups 2,en,15.881,2427,5.9
Argo,en,15.88,5688,7.2
Shrink,en,15.877,112,6.1
Escape Room,en,15.873,2168,6.4
Mr. Popper's Penguins,en,15.872,1835,5.8
The Fugitive,en,15.869,2419,7.4
The Darjeeling Limited,en,15.866,1882,7.2
I Don't Know How She Does It,en,15.865,255,5.3
Star Trek: First Contact,en,15.865,1042,7.3
Peppermint,en,15.863,1067,6.5
A Fish Called Wanda,en,15.862,1166,7.3
Teen Titans: The Judas Contract,en,15.858,299,7.2
Hobo with a Shotgun,en,15.858,327,5.9
The Other Boleyn Girl,en,15.852,1211,6.6
Valkyrie,en,15.849,2235,6.9
The Terminal,en,15.848,4577,7.3
Blow the Man Down,en,15.847,33,6.5
"Love, Rosie",en,15.842,4118,7.8
Summer '03,en,15.841,86,5.7
Seed of Chucky,en,15.84,736,5.1
Suspiria,en,15.839,1214,6.9
Escape Plan 2: Hades,en,15.836,745,4.8
Before I Fall,en,15.826,2482,7
22 Jump Street,en,15.826,5681,6.9
Bolt,en,15.826,3897,6.4
Live by Night,en,15.824,839,6.2
Absolute Power,en,15.823,503,6.6
Any Given Sunday,en,15.819,946,6.9
Ice Age: A Mammoth Christmas,en,15.81,356,6.2
Bullitt,en,15.81,527,7.2
Everybody's Fine,en,15.809,583,6.6
The Dreamers,en,15.807,1751,7.2
Mona Lisa Smile,en,15.802,1077,6.9
Rush Hour 3,en,15.802,1720,6.2
The Day After Tomorrow,en,15.801,4972,6.4
Jackass: The Movie,en,15.8,783,6.1
The Women,en,15.796,213,4.9
Foxtrot Six,en,15.786,6,5.6
The Eagle Has Landed,en,15.784,151,6.5
Planet Terror,en,15.78,2094,6.6
Despicable Me 3,en,15.777,4666,6.4
Altitude,en,15.77,62,4.5
Fun with Dick and Jane,en,15.764,1384,6
Shanghai Knights,en,15.764,1431,6.1
"Crazy, Stupid, Love.",en,15.762,5227,7.2
Crash,en,15.761,455,6.5
Singin' in the Rain,en,15.756,1677,8.2
Patton,en,15.754,593,7.5
The Fly,en,15.753,2307,7.3
Spies Like Us,en,15.744,320,6.1
Panic Room,en,15.744,2897,6.7
Sextuplets,en,15.742,307,5.8
The Death of Superman,en,15.739,341,7.4
The Leopard,it,15.737,363,7.7
An American Tail: Fievel Goes West,en,15.731,443,6.3
RED,en,15.724,4577,6.7
The Legend of Bagger Vance,en,15.721,531,6.6
To Rome with Love,en,15.715,1306,5.7
The Lover,fr,15.714,265,6.6
Willow,en,15.713,980,7
Pet Sematary,en,15.71,1118,6.6
Boruto: Naruto the Movie,ja,15.708,346,7.7
The Oranges,en,15.708,375,5.5
RockNRolla,en,15.707,1648,6.9
It Takes Two,en,15.703,500,6.3
The House Bunny,en,15.703,1265,5.6
First They Killed My Father,en,15.702,329,7.5
Bitter Moon,en,15.702,301,7.1
The Young Victoria,en,15.697,635,7.2
Oz the Great and Powerful,en,15.688,5174,5.9
Irreversible,fr,15.684,1282,7.2
Defiance,en,15.683,1082,6.8
Beautiful Creatures,en,15.681,2088,5.8
Unstoppable,en,15.681,2155,6.4
Jaws: The Revenge,en,15.681,517,3.8
Kursk,en,15.68,225,6.7
The Sorcerer's Apprentice,en,15.677,3350,6
Punisher: War Zone,en,15.675,624,5.7
Captain Corelli's Mandolin,en,15.674,298,5.9
Deepwater Horizon,en,15.673,2914,6.7
The Hills Have Eyes,en,15.673,1620,6.3
Going Clear: Scientology and the Prison of Belief,en,15.67,527,7.7
Legend of the Guardians: The Owls of Ga'Hoole,en,15.67,1422,6.7
Michael,en,15.668,333,5.7
Matilda,en,15.667,2486,7.1
There Will Be Blood,en,15.666,3536,8.1
Nick of Time,en,15.662,376,6.1
Collateral Damage,en,15.66,774,5.6
A Night of Horror: Nightmare Radio,en,15.659,5,6.2
Police Story 2,cn,15.659,218,7
The Front Runner,en,15.658,181,6
The Cheetah Girls,en,15.658,268,5.6
The Man Who Shot Liberty Valance,en,15.658,559,7.7
Don Jon,en,15.653,3006,5.9
The Book of Life,en,15.652,1418,7.4
Bride & Prejudice,en,15.651,234,6.4
The Reader,en,15.651,1732,7.4
Breakthrough,en,15.649,262,7.2
Down to You,en,15.649,148,5.2
Capernaum,ar,15.648,659,8.2
Maid in Manhattan,en,15.647,1148,5.9
The Running Man,en,15.643,1293,6.5
Marie Antoinette,en,15.642,1582,6.6
Widows,en,15.641,1323,6.5
Gremlins 2: The New Batch,en,15.64,1458,6.4
Cliffhanger,en,15.631,1248,6.3
The Texas Chainsaw Massacre,en,15.629,1470,6.1
The Aftermath,en,15.628,259,6.3
A Nightmare on Elm Street: The Dream Child,en,15.628,630,5.4
Security,en,15.623,425,6
St. Elmo's Fire,en,15.623,281,6.2
(500) Days of Summer,en,15.621,6400,7.2
The Outsiders,en,15.618,665,7.3
Kill Chain,en,15.617,38,5.1
A Conspiracy of Faith,da,15.613,292,7.1
Little Nicky,en,15.613,890,5.3
The Last Emperor,en,15.612,825,7.6
Ali G Indahouse,en,15.607,750,6
Year One,en,15.604,1114,4.8
Jackie,en,15.599,1610,6.5
Carrie,en,15.598,3006,5.9
Enough,en,15.598,607,6.5
Cuties,fr,15.595,0,0
Steve Jobs,en,15.593,2899,6.8
Overdrive,en,15.592,586,6.1
Assassins,en,15.592,797,6.2
The Great Beauty,it,15.59,1828,7.5
Presumed Innocent,en,15.583,323,6.8
Truth or Dare,en,15.579,2518,6
Bloomington,en,15.579,81,6.7
The Forgotten,en,15.577,657,5.7
The Girl in the Spider's Web,en,15.576,742,6
A Bigger Splash,en,15.576,445,6.2
"McFarland, USA",en,15.574,422,7.3
Rocky V,en,15.568,1750,5.6
La Nuit venue,fr,15.566,0,0
Vacation,en,15.562,2251,6.2
New Jack City,en,15.558,251,6.6
A Bridge Too Far,en,15.557,387,7.2
Rosemary's Baby,en,15.556,2145,7.8
The Swan Princess,en,15.553,609,6.5
Teenage Mutant Ninja Turtles,en,15.549,951,6.6
Silent Hill,en,15.541,2512,6.4
The Absent One,da,15.53,325,7.2
Flight,en,15.529,3958,6.7
The Town,en,15.524,2793,7.2
The Purple Rose of Cairo,en,15.522,537,7.5
April Fool's Day,en,15.519,147,5.8
Holmes & Watson,en,15.515,389,4.4
The Dead Don't Die,en,15.513,1057,5.5
Three Colors: Red,fr,15.513,623,8.1
Knocked Up,en,15.511,2474,6.2
The Neon Demon,en,15.51,2405,6.5
The Last Castle,en,15.508,622,7
The Heat,en,15.504,2694,6.6
Awakenings,en,15.504,1346,7.8
What Happens in Vegas,en,15.498,1953,6
Along Came Polly,en,15.497,1726,5.9
Lupin the Third: The Castle of Cagliostro,ja,15.495,498,7.5
Life As We Know It,en,15.487,2039,6.8
Lie with Me,en,15.484,128,5.4
Papillon,en,15.48,871,7.4
Bad Teacher,en,15.478,3286,5.5
After Earth,en,15.477,4650,5.1
Sweet Home Alabama,en,15.477,888,6.3
Sahara,en,15.477,829,5.8
Balkan Line,ru,15.475,53,7.3
True Legend,zh,15.474,94,6.4
The Sessions,en,15.473,335,6.9
Underworld: Blood Wars,en,15.466,2522,5.6
Live and Let Die,en,15.466,1041,6.5
Wild Tales,es,15.464,1798,7.8
Billy Lynn's Long Halftime Walk,en,15.463,344,5.9
Erin Brockovich,en,15.462,1756,7.3
The King of Comedy,en,15.458,1015,7.7
Boogie Nights,en,15.457,1740,7.7
Never Look Away,de,15.456,188,8.1
G.I. Joe: Retaliation,en,15.455,4151,5.5
Balto II: Wolf Quest,en,15.455,332,6.1
Vox Lux,en,15.454,216,5.9
Batman and Harley Quinn,en,15.453,345,6
Homeward Bound II: Lost in San Francisco,en,15.452,246,6.3
North by Northwest,en,15.442,2224,8
A Million Ways to Die in the West,en,15.439,2470,5.8
Overboard,en,15.438,467,6.8
USS Indianapolis: Men of Courage,en,15.436,373,5.9
Steel Magnolias,en,15.436,340,7.3
Top Secret!,en,15.434,533,7.1
Another Cinderella Story,en,15.428,1157,6.6
The Ring Two,en,15.425,1432,5.6
The Love Bug,en,15.424,287,6.4
The Hummingbird Project,en,15.418,102,6
The SpongeBob SquarePants Movie,en,15.41,1512,6.7
Johnny English Reborn,en,15.406,2069,6.1
Hard Target 2,en,15.404,86,5.6
The English Teacher,en,15.404,235,5.7
Spartacus,en,15.403,1129,7.6
Knock Knock,en,15.4,1744,5
Black Mirror: Bandersnatch,en,15.397,2503,6.9
Dignitate,id,15.396,1,5
Untitled Universal Event Film (Nov 2020),en,15.395,0,0
Joy Ride,en,15.394,641,6.4
Battle Star Wars,en,15.388,4,1.8
Beverly Hills Cop III,en,15.388,949,5.8
The Bye Bye Man,en,15.387,822,5.1
Baby Mama,en,15.387,409,5.9
Away We Go,en,15.385,337,6.8
Burlesque,en,15.382,1442,7.2
New Year's Eve,en,15.372,1493,5.9
Just My Luck,en,15.372,1260,6
Death Warrant,en,15.362,245,5.7
Good Luck Chuck,en,15.359,859,5.7
El Mariachi,es,15.355,524,6.6
The Secret in Their Eyes,es,15.352,1345,8
The Abyss,en,15.352,1560,7.3
The Count of Monte Cristo,en,15.348,922,7.5
Drifters,it,15.347,26,6.2
Ace Ventura: When Nature Calls,en,15.344,2489,6.3
Stand by Me,en,15.344,3341,7.9
Frozen Fever,en,15.338,1230,6.8
Albert Nobbs,en,15.336,252,6.3
Friday After Next,en,15.336,202,6.2
The Assignment,en,15.335,226,5.1
Wrong Turn 5: Bloodlines,en,15.333,460,5
High Noon,en,15.331,747,7.7
Arthur and the Invisibles,en,15.33,1753,6.2
Taken 2,en,15.328,4478,6.2
Our Brand Is Crisis,en,15.328,329,5.9
Carriers,en,15.327,556,5.8
The NeverEnding Story II: The Next Chapter,en,15.326,441,5.5
The Duke,en,15.325,0,0
Doom,en,15.325,1242,5
Georgia Rule,en,15.319,269,5.9
Good People,en,15.309,297,5.5
Hollow Man,en,15.303,1409,5.7
Triple 9,en,15.297,1365,5.8
The Wolfman,en,15.291,1158,5.7
Mrs. Doubtfire,en,15.289,3807,7.2
Colombiana,en,15.286,1580,6.5
Meet the Parents,en,15.283,3773,6.6
30 Days of Night,en,15.276,1624,6.3
Daughter of the Wolf,en,15.275,48,4.6
Leprechaun,en,15.273,299,5.2
Hang 'em High,en,15.273,374,6.8
Bulletproof 2,en,15.268,2,9.5
Book of Shadows: Blair Witch 2,en,15.267,428,4.3
The Andromeda Strain,en,15.266,334,7
November Criminals,en,15.264,372,5.2
Poltergeist,en,15.262,1579,7.1
Home Alone: The Holiday Heist,en,15.257,159,5
The Grey,en,15.256,2527,6.5
Ballet Shoes,en,15.256,190,6.4
Irrational Man,en,15.255,1531,6.5
Bridesmaids,en,15.254,3113,6.5
The Professional,fr,15.254,181,7.2
Sideways,en,15.249,906,7.1
Pok¨¦mon: The First Movie - Mewtwo Strikes Back,ja,15.248,844,6.8
Anatomy of a Murder,en,15.246,431,7.9
Colette,en,15.245,484,7
Secret in Their Eyes,en,15.24,821,6.4
The Adventures of Ichabod and Mr. Toad,en,15.238,249,6.6
Fitzcarraldo,de,15.235,338,7.7
Due Date,en,15.231,3440,6.3
Kung Fu Panda: Secrets of the Furious Five,en,15.231,223,6.6
The Way Way Back,en,15.224,1145,7.1
Shut In,en,15.219,443,5.2
Honey I Blew Up the Kid,en,15.216,672,5.1
Confessions of a Shopaholic,en,15.214,1870,6.4
August Rush,en,15.212,1782,7.3
Road to Perdition,en,15.211,2110,7.3
Labor Pains,en,15.21,264,5.3
The Return of Jafar,en,15.21,1140,5.8
Knight and Day,en,15.198,2814,6.1
Little Women,en,15.195,624,7.2
"Crouching Tiger, Hidden Dragon: Sword of Destiny",en,15.19,338,6
About Love,ru,15.189,6,6.2
Winnie the Pooh,en,15.188,511,6.9
Beyond the Reach,en,15.184,224,5.6
One for the Money,en,15.184,677,5.5
Cloud Atlas,en,15.182,4987,6.8
Max Payne,en,15.18,1205,5.2
The Farewell,en,15.179,479,7.7
Judge Dredd,en,15.177,1372,5.6
Half Baked,en,15.176,307,6.4
Carrie,en,15.176,2100,7.2
A Perfect Ending,en,15.169,65,6.3
Only You,en,15.168,237,6.7
Space Jam,en,15.167,3334,6.7
Apollo 11,en,15.162,241,8.2
127 Hours,en,15.162,5084,7
Christine,en,15.158,210,6.7
Bone Tomahawk,en,15.157,1095,6.8
The Many Adventures of Winnie the Pooh,en,15.157,497,7.2
Valentine,en,15.156,279,5.2
Imagine Me & You,en,15.153,471,7.3
Wrath of the Titans,en,15.147,2757,5.6
Tinker Bell and the Great Fairy Rescue,en,15.146,520,6.5
Patriots Day,en,15.145,1559,6.9
Match Point,en,15.145,2549,7.3
Voyage of Time: Life's Journey,en,15.144,89,6.6
